ProductID,YearMonth,UnitsSold
P0001,2025-01,39
P0001,2025-02,5
P0001,2025-03,52
P0001,2025-04,53
P0001,2025-05,44
P0001,2025-06,66
P0002,2025-01,19
P0002,2025-02,34
P0002,2025-03,25
P0002,2025-04,12
P0002,2025-05,11
P0002,2025-06,38
P0003,2025-01,68
P0003,2025-02,46
P0003,2025-03,57
P0003,2025-04,74
P0003,2025-05,14
P0003,2025-06,94
P0004,2025-01,62
P0004,2025-02,94
P0004,2025-03,87
P0004,2025-04,8
P0004,2025-05,93
P0004,2025-06,12
P0005,2025-01,19
P0005,2025-02,110
P0005,2025-03,110
P0005,2025-04,102
P0005,2025-05,34
P0005,2025-06,37
P0006,2025-01,6
P0006,2025-02,77
P0006,2025-03,59
P0006,2025-04,62
P0006,2025-05,37
P0006,2025-06,87
P0007,2025-01,63
P0007,2025-02,10
P0007,2025-03,61
P0007,2025-04,105
P0007,2025-05,33
P0007,2025-06,118
P0008,2025-01,48
P0008,2025-02,72
P0008,2025-03,18
P0008,2025-04,40
P0008,2025-05,55
P0008,2025-06,10
P0009,2025-01,21
P0009,2025-02,86
P0009,2025-03,76
P0009,2025-04,55
P0009,2025-05,56
P0009,2025-06,16
P0010,2025-01,85
P0010,2025-02,99
P0010,2025-03,5
P0010,2025-04,15
P0010,2025-05,20
P0010,2025-06,96
P0011,2025-01,13
P0011,2025-02,12
P0011,2025-03,29
P0011,2025-04,78
P0011,2025-05,44
P0011,2025-06,71
P0012,2025-01,27
P0012,2025-02,66
P0012,2025-03,27
P0012,2025-04,48
P0012,2025-05,60
P0012,2025-06,72
P0013,2025-01,27
P0013,2025-02,13
P0013,2025-03,8
P0013,2025-04,38
P0013,2025-05,86
P0013,2025-06,38
P0014,2025-01,46
P0014,2025-02,7
P0014,2025-03,87
P0014,2025-04,38
P0014,2025-05,94
P0014,2025-06,99
P0015,2025-01,56
P0015,2025-02,114
P0015,2025-03,85
P0015,2025-04,49
P0015,2025-05,19
P0015,2025-06,109
P0016,2025-01,102
P0016,2025-02,24
P0016,2025-03,79
P0016,2025-04,25
P0016,2025-05,22
P0016,2025-06,36
P0017,2025-01,49
P0017,2025-02,6
P0017,2025-03,21
P0017,2025-04,69
P0017,2025-05,98
P0017,2025-06,34
P0018,2025-01,72
P0018,2025-02,48
P0018,2025-03,64
P0018,2025-04,5
P0018,2025-05,23
P0018,2025-06,37
P0019,2025-01,87
P0019,2025-02,40
P0019,2025-03,95
P0019,2025-04,81
P0019,2025-05,95
P0019,2025-06,82
P0020,2025-01,28
P0020,2025-02,87
P0020,2025-03,29
P0020,2025-04,15
P0020,2025-05,13
P0020,2025-06,10
P0021,2025-01,62
P0021,2025-02,33
P0021,2025-03,77
P0021,2025-04,91
P0021,2025-05,83
P0021,2025-06,15
P0022,2025-01,27
P0022,2025-02,30
P0022,2025-03,5
P0022,2025-04,98
P0022,2025-05,85
P0022,2025-06,51
P0023,2025-01,45
P0023,2025-02,27
P0023,2025-03,9
P0023,2025-04,54
P0023,2025-05,13
P0023,2025-06,8
P0024,2025-01,75
P0024,2025-02,69
P0024,2025-03,84
P0024,2025-04,61
P0024,2025-05,29
P0024,2025-06,62
P0025,2025-01,10
P0025,2025-02,18
P0025,2025-03,67
P0025,2025-04,79
P0025,2025-05,69
P0025,2025-06,56
P0026,2025-01,82
P0026,2025-02,14
P0026,2025-03,14
P0026,2025-04,21
P0026,2025-05,33
P0026,2025-06,81
P0027,2025-01,97
P0027,2025-02,29
P0027,2025-03,10
P0027,2025-04,5
P0027,2025-05,91
P0027,2025-06,37
P0028,2025-01,21
P0028,2025-02,80
P0028,2025-03,72
P0028,2025-04,79
P0028,2025-05,38
P0028,2025-06,39
P0029,2025-01,27
P0029,2025-02,48
P0029,2025-03,42
P0029,2025-04,53
P0029,2025-05,47
P0029,2025-06,14
P0030,2025-01,37
P0030,2025-02,14
P0030,2025-03,86
P0030,2025-04,106
P0030,2025-05,106
P0030,2025-06,40
P0031,2025-01,17
P0031,2025-02,62
P0031,2025-03,7
P0031,2025-04,88
P0031,2025-05,9
P0031,2025-06,26
P0032,2025-01,62
P0032,2025-02,70
P0032,2025-03,93
P0032,2025-04,44
P0032,2025-05,92
P0032,2025-06,9
P0033,2025-01,20
P0033,2025-02,19
P0033,2025-03,81
P0033,2025-04,79
P0033,2025-05,84
P0033,2025-06,22
P0034,2025-01,93
P0034,2025-02,51
P0034,2025-03,8
P0034,2025-04,57
P0034,2025-05,62
P0034,2025-06,89
P0035,2025-01,79
P0035,2025-02,62
P0035,2025-03,63
P0035,2025-04,38
P0035,2025-05,34
P0035,2025-06,58
P0036,2025-01,72
P0036,2025-02,82
P0036,2025-03,79
P0036,2025-04,72
P0036,2025-05,30
P0036,2025-06,7
P0037,2025-01,73
P0037,2025-02,49
P0037,2025-03,50
P0037,2025-04,54
P0037,2025-05,9
P0037,2025-06,36
P0038,2025-01,43
P0038,2025-02,46
P0038,2025-03,15
P0038,2025-04,15
P0038,2025-05,58
P0038,2025-06,42
P0039,2025-01,28
P0039,2025-02,36
P0039,2025-03,96
P0039,2025-04,116
P0039,2025-05,21
P0039,2025-06,64
P0040,2025-01,34
P0040,2025-02,70
P0040,2025-03,66
P0040,2025-04,112
P0040,2025-05,16
P0040,2025-06,21
P0041,2025-01,9
P0041,2025-02,61
P0041,2025-03,26
P0041,2025-04,79
P0041,2025-05,33
P0041,2025-06,11
P0042,2025-01,22
P0042,2025-02,35
P0042,2025-03,47
P0042,2025-04,88
P0042,2025-05,39
P0042,2025-06,75
P0043,2025-01,98
P0043,2025-02,8
P0043,2025-03,55
P0043,2025-04,98
P0043,2025-05,34
P0043,2025-06,98
P0044,2025-01,68
P0044,2025-02,103
P0044,2025-03,93
P0044,2025-04,21
P0044,2025-05,48
P0044,2025-06,109
P0045,2025-01,16
P0045,2025-02,80
P0045,2025-03,38
P0045,2025-04,30
P0045,2025-05,10
P0045,2025-06,57
P0046,2025-01,19
P0046,2025-02,23
P0046,2025-03,51
P0046,2025-04,91
P0046,2025-05,81
P0046,2025-06,99
P0047,2025-01,65
P0047,2025-02,94
P0047,2025-03,56
P0047,2025-04,22
P0047,2025-05,64
P0047,2025-06,51
P0048,2025-01,61
P0048,2025-02,37
P0048,2025-03,36
P0048,2025-04,8
P0048,2025-05,45
P0048,2025-06,23
P0049,2025-01,13
P0049,2025-02,36
P0049,2025-03,109
P0049,2025-04,66
P0049,2025-05,72
P0049,2025-06,90
P0050,2025-01,79
P0050,2025-02,55
P0050,2025-03,12
P0050,2025-04,17
P0050,2025-05,36
P0050,2025-06,38
P0051,2025-01,22
P0051,2025-02,83
P0051,2025-03,59
P0051,2025-04,47
P0051,2025-05,28
P0051,2025-06,25
P0052,2025-01,22
P0052,2025-02,18
P0052,2025-03,57
P0052,2025-04,23
P0052,2025-05,81
P0052,2025-06,61
P0053,2025-01,68
P0053,2025-02,84
P0053,2025-03,6
P0053,2025-04,61
P0053,2025-05,38
P0053,2025-06,53
P0054,2025-01,94
P0054,2025-02,58
P0054,2025-03,26
P0054,2025-04,88
P0054,2025-05,97
P0054,2025-06,86
P0055,2025-01,97
P0055,2025-02,48
P0055,2025-03,95
P0055,2025-04,39
P0055,2025-05,33
P0055,2025-06,10
P0056,2025-01,49
P0056,2025-02,111
P0056,2025-03,106
P0056,2025-04,74
P0056,2025-05,81
P0056,2025-06,42
P0057,2025-01,54
P0057,2025-02,84
P0057,2025-03,64
P0057,2025-04,18
P0057,2025-05,74
P0057,2025-06,15
P0058,2025-01,31
P0058,2025-02,73
P0058,2025-03,83
P0058,2025-04,42
P0058,2025-05,66
P0058,2025-06,57
P0059,2025-01,84
P0059,2025-02,22
P0059,2025-03,56
P0059,2025-04,28
P0059,2025-05,11
P0059,2025-06,18
P0060,2025-01,64
P0060,2025-02,117
P0060,2025-03,33
P0060,2025-04,99
P0060,2025-05,20
P0060,2025-06,27
P0061,2025-01,33
P0061,2025-02,26
P0061,2025-03,6
P0061,2025-04,81
P0061,2025-05,40
P0061,2025-06,42
P0062,2025-01,22
P0062,2025-02,55
P0062,2025-03,19
P0062,2025-04,56
P0062,2025-05,21
P0062,2025-06,81
P0063,2025-01,26
P0063,2025-02,58
P0063,2025-03,56
P0063,2025-04,89
P0063,2025-05,94
P0063,2025-06,50
P0064,2025-01,8
P0064,2025-02,11
P0064,2025-03,14
P0064,2025-04,19
P0064,2025-05,30
P0064,2025-06,84
P0065,2025-01,44
P0065,2025-02,65
P0065,2025-03,85
P0065,2025-04,20
P0065,2025-05,97
P0065,2025-06,22
P0066,2025-01,79
P0066,2025-02,80
P0066,2025-03,6
P0066,2025-04,58
P0066,2025-05,22
P0066,2025-06,58
P0067,2025-01,42
P0067,2025-02,77
P0067,2025-03,19
P0067,2025-04,68
P0067,2025-05,96
P0067,2025-06,12
P0068,2025-01,50
P0068,2025-02,43
P0068,2025-03,56
P0068,2025-04,12
P0068,2025-05,54
P0068,2025-06,54
P0069,2025-01,87
P0069,2025-02,72
P0069,2025-03,31
P0069,2025-04,81
P0069,2025-05,42
P0069,2025-06,25
P0070,2025-01,94
P0070,2025-02,49
P0070,2025-03,62
P0070,2025-04,27
P0070,2025-05,58
P0070,2025-06,34
P0071,2025-01,99
P0071,2025-02,99
P0071,2025-03,20
P0071,2025-04,56
P0071,2025-05,45
P0071,2025-06,75
P0072,2025-01,85
P0072,2025-02,28
P0072,2025-03,24
P0072,2025-04,31
P0072,2025-05,6
P0072,2025-06,64
P0073,2025-01,55
P0073,2025-02,5
P0073,2025-03,95
P0073,2025-04,10
P0073,2025-05,42
P0073,2025-06,58
P0074,2025-01,64
P0074,2025-02,31
P0074,2025-03,84
P0074,2025-04,66
P0074,2025-05,67
P0074,2025-06,95
P0075,2025-01,39
P0075,2025-02,62
P0075,2025-03,65
P0075,2025-04,40
P0075,2025-05,96
P0075,2025-06,60
P0076,2025-01,71
P0076,2025-02,61
P0076,2025-03,45
P0076,2025-04,35
P0076,2025-05,7
P0076,2025-06,42
P0077,2025-01,57
P0077,2025-02,56
P0077,2025-03,28
P0077,2025-04,30
P0077,2025-05,96
P0077,2025-06,77
P0078,2025-01,41
P0078,2025-02,95
P0078,2025-03,52
P0078,2025-04,71
P0078,2025-05,45
P0078,2025-06,53
P0079,2025-01,32
P0079,2025-02,36
P0079,2025-03,75
P0079,2025-04,75
P0079,2025-05,89
P0079,2025-06,36
P0080,2025-01,42
P0080,2025-02,24
P0080,2025-03,12
P0080,2025-04,72
P0080,2025-05,30
P0080,2025-06,83
P0081,2025-01,88
P0081,2025-02,62
P0081,2025-03,87
P0081,2025-04,60
P0081,2025-05,74
P0081,2025-06,88
P0082,2025-01,71
P0082,2025-02,33
P0082,2025-03,87
P0082,2025-04,14
P0082,2025-05,75
P0082,2025-06,69
P0083,2025-01,82
P0083,2025-02,25
P0083,2025-03,31
P0083,2025-04,21
P0083,2025-05,12
P0083,2025-06,40
P0084,2025-01,51
P0084,2025-02,24
P0084,2025-03,20
P0084,2025-04,72
P0084,2025-05,38
P0084,2025-06,5
P0085,2025-01,81
P0085,2025-02,52
P0085,2025-03,12
P0085,2025-04,26
P0085,2025-05,72
P0085,2025-06,38
P0086,2025-01,64
P0086,2025-02,49
P0086,2025-03,41
P0086,2025-04,27
P0086,2025-05,88
P0086,2025-06,28
P0087,2025-01,95
P0087,2025-02,17
P0087,2025-03,73
P0087,2025-04,84
P0087,2025-05,64
P0087,2025-06,42
P0088,2025-01,52
P0088,2025-02,97
P0088,2025-03,30
P0088,2025-04,90
P0088,2025-05,92
P0088,2025-06,81
P0089,2025-01,89
P0089,2025-02,5
P0089,2025-03,8
P0089,2025-04,71
P0089,2025-05,91
P0089,2025-06,84
P0090,2025-01,17
P0090,2025-02,43
P0090,2025-03,35
P0090,2025-04,28
P0090,2025-05,83
P0090,2025-06,9
P0091,2025-01,63
P0091,2025-02,108
P0091,2025-03,108
P0091,2025-04,18
P0091,2025-05,33
P0091,2025-06,58
P0092,2025-01,78
P0092,2025-02,38
P0092,2025-03,15
P0092,2025-04,61
P0092,2025-05,33
P0092,2025-06,26
P0093,2025-01,37
P0093,2025-02,76
P0093,2025-03,53
P0093,2025-04,27
P0093,2025-05,73
P0093,2025-06,99
P0094,2025-01,33
P0094,2025-02,10
P0094,2025-03,56
P0094,2025-04,93
P0094,2025-05,93
P0094,2025-06,99
P0095,2025-01,18
P0095,2025-02,21
P0095,2025-03,84
P0095,2025-04,32
P0095,2025-05,13
P0095,2025-06,70
P0096,2025-01,8
P0096,2025-02,24
P0096,2025-03,45
P0096,2025-04,40
P0096,2025-05,10
P0096,2025-06,69
P0097,2025-01,54
P0097,2025-02,68
P0097,2025-03,7
P0097,2025-04,41
P0097,2025-05,7
P0097,2025-06,37
P0098,2025-01,63
P0098,2025-02,19
P0098,2025-03,60
P0098,2025-04,65
P0098,2025-05,72
P0098,2025-06,83
P0099,2025-01,75
P0099,2025-02,72
P0099,2025-03,66
P0099,2025-04,71
P0099,2025-05,27
P0099,2025-06,18
P0100,2025-01,10
P0100,2025-02,37
P0100,2025-03,13
P0100,2025-04,16
P0100,2025-05,99
P0100,2025-06,55
P0101,2025-01,7
P0101,2025-02,60
P0101,2025-03,50
P0101,2025-04,40
P0101,2025-05,17
P0101,2025-06,17
P0102,2025-01,62
P0102,2025-02,89
P0102,2025-03,38
P0102,2025-04,47
P0102,2025-05,32
P0102,2025-06,60
P0103,2025-01,61
P0103,2025-02,46
P0103,2025-03,98
P0103,2025-04,103
P0103,2025-05,27
P0103,2025-06,104
P0104,2025-01,55
P0104,2025-02,24
P0104,2025-03,33
P0104,2025-04,76
P0104,2025-05,93
P0104,2025-06,85
P0105,2025-01,69
P0105,2025-02,42
P0105,2025-03,53
P0105,2025-04,98
P0105,2025-05,32
P0105,2025-06,37
P0106,2025-01,20
P0106,2025-02,110
P0106,2025-03,57
P0106,2025-04,108
P0106,2025-05,67
P0106,2025-06,97
P0107,2025-01,96
P0107,2025-02,54
P0107,2025-03,63
P0107,2025-04,13
P0107,2025-05,48
P0107,2025-06,116
P0108,2025-01,97
P0108,2025-02,30
P0108,2025-03,31
P0108,2025-04,28
P0108,2025-05,99
P0108,2025-06,75
P0109,2025-01,85
P0109,2025-02,37
P0109,2025-03,22
P0109,2025-04,9
P0109,2025-05,5
P0109,2025-06,75
P0110,2025-01,7
P0110,2025-02,40
P0110,2025-03,39
P0110,2025-04,55
P0110,2025-05,16
P0110,2025-06,19
P0111,2025-01,8
P0111,2025-02,60
P0111,2025-03,20
P0111,2025-04,97
P0111,2025-05,10
P0111,2025-06,67
P0112,2025-01,27
P0112,2025-02,81
P0112,2025-03,48
P0112,2025-04,5
P0112,2025-05,61
P0112,2025-06,80
P0113,2025-01,31
P0113,2025-02,29
P0113,2025-03,90
P0113,2025-04,66
P0113,2025-05,22
P0113,2025-06,84
P0114,2025-01,97
P0114,2025-02,34
P0114,2025-03,34
P0114,2025-04,88
P0114,2025-05,51
P0114,2025-06,26
P0115,2025-01,46
P0115,2025-02,38
P0115,2025-03,67
P0115,2025-04,8
P0115,2025-05,35
P0115,2025-06,55
P0116,2025-01,64
P0116,2025-02,21
P0116,2025-03,14
P0116,2025-04,87
P0116,2025-05,14
P0116,2025-06,18
P0117,2025-01,39
P0117,2025-02,70
P0117,2025-03,106
P0117,2025-04,51
P0117,2025-05,20
P0117,2025-06,81
P0118,2025-01,63
P0118,2025-02,27
P0118,2025-03,85
P0118,2025-04,104
P0118,2025-05,67
P0118,2025-06,98
P0119,2025-01,75
P0119,2025-02,24
P0119,2025-03,58
P0119,2025-04,99
P0119,2025-05,90
P0119,2025-06,9
P0120,2025-01,99
P0120,2025-02,83
P0120,2025-03,66
P0120,2025-04,21
P0120,2025-05,57
P0120,2025-06,41
