ProductID,ProductName,Category,UnitCost,UnitPrice,ReorderPoint,SupplierID,Warehouse,SupplierName,OnHandQty,InventoryValue,StockStatus
P0001,SPOR-001,Sports,190.39,372.93,70,S05,Dammam,Metro Distributors,38,7234.82,Low Stock
P0002,HOME-002,Home & Kitchen,35.42,47.9,33,S03,Jeddah,Red Sea Trading,159,5631.78,Healthy
P0003,BEAU-003,Beauty,194.13,397.81,47,S02,Dammam-2,Najd Logistics,23,4464.99,Low Stock
P0004,SPOR-004,Sports,40.76,64.15,31,S05,Dammam-2,Metro Distributors,60,2445.6,Healthy
P0005,ELEC-005,Electronics,61.79,114.35,51,S04,Dammam-2,Eastern Parts Ltd,121,7476.59,Healthy
P0006,OFFI-006,Office,22.67,42.09,64,S04,Dammam-2,Eastern Parts Ltd,50,1133.5,Low Stock
P0007,ELEC-007,Electronics,14.06,25.97,30,S01,Dammam,Gulf Supply Co,0,0.0,Stock-out
P0008,HOME-008,Home & Kitchen,190.03,412.19,18,S02,Riyadh,Najd Logistics,20,3800.6,Healthy
P0009,HOME-009,Home & Kitchen,138.43,234.8,53,S05,Dammam-2,Metro Distributors,1,138.43,Low Stock
P0010,CLOT-010,Clothing,182.32,279.48,13,S02,Jeddah,Najd Logistics,209,38104.88,Healthy
P0011,OFFI-011,Office,45.55,82.49,72,S02,Jeddah,Najd Logistics,91,4145.05,Healthy
P0012,SPOR-012,Sports,188.2,396.23,23,S04,Riyadh,Eastern Parts Ltd,169,31805.8,Healthy
P0013,OFFI-013,Office,68.44,112.91,62,S02,Riyadh,Najd Logistics,60,4106.4,Low Stock
P0014,SPOR-014,Sports,123.37,191.03,38,S05,Riyadh,Metro Distributors,21,2590.77,Low Stock
P0015,ELEC-015,Electronics,197.44,393.9,17,S03,Dammam,Red Sea Trading,148,29221.12,Healthy
P0016,ELEC-016,Electronics,143.71,289.02,14,S02,Dammam,Najd Logistics,9,1293.39,Low Stock
P0017,HOME-017,Home & Kitchen,27.59,57.3,21,S02,Riyadh,Najd Logistics,0,0.0,Stock-out
P0018,OFFI-018,Office,68.41,133.85,44,S01,Dammam,Gulf Supply Co,132,9030.12,Healthy
P0019,BEAU-019,Beauty,194.48,401.41,14,S02,Dammam,Najd Logistics,1,194.48,Low Stock
P0020,OFFI-020,Office,101.29,179.33,24,S02,Jeddah,Najd Logistics,11,1114.19,Low Stock
P0021,SPOR-021,Sports,26.04,34.59,61,S05,Dammam-2,Metro Distributors,52,1354.08,Low Stock
P0022,SPOR-022,Sports,181.98,277.4,24,S03,Riyadh,Red Sea Trading,8,1455.84,Low Stock
P0023,SPOR-023,Sports,188.86,347.31,37,S02,Jeddah,Najd Logistics,33,6232.38,Low Stock
P0024,BEAU-024,Beauty,62.65,87.39,37,S04,Dammam-2,Eastern Parts Ltd,176,11026.4,Healthy
P0025,SPOR-025,Sports,86.22,180.63,71,S01,Riyadh,Gulf Supply Co,0,0.0,Stock-out
P0026,ELEC-026,Electronics,131.3,170.75,12,S03,Riyadh,Red Sea Trading,217,28492.1,Healthy
P0027,OFFI-027,Office,48.31,68.01,53,S03,Jeddah,Red Sea Trading,0,0.0,Stock-out
P0028,ELEC-028,Electronics,83.75,113.77,67,S04,Dammam-2,Eastern Parts Ltd,53,4438.75,Low Stock
P0029,OFFI-029,Office,140.78,273.26,65,S01,Dammam,Gulf Supply Co,0,0.0,Stock-out
P0030,ELEC-030,Electronics,195.44,326.37,10,S03,Jeddah,Red Sea Trading,4,781.76,Low Stock
P0031,HOME-031,Home & Kitchen,108.53,184.83,79,S04,Dammam,Eastern Parts Ltd,248,26915.44,Healthy
P0032,CLOT-032,Clothing,77.08,117.0,47,S05,Dammam-2,Metro Distributors,0,0.0,Stock-out
P0033,HOME-033,Home & Kitchen,128.54,229.08,25,S01,Riyadh,Gulf Supply Co,120,15424.8,Healthy
P0034,SPOR-034,Sports,104.1,200.52,12,S04,Dammam-2,Eastern Parts Ltd,0,0.0,Stock-out
P0035,CLOT-035,Clothing,47.95,93.02,28,S04,Dammam-2,Eastern Parts Ltd,26,1246.7,Low Stock
P0036,SPOR-036,Sports,188.4,312.33,48,S02,Dammam-2,Najd Logistics,55,10362.0,Healthy
P0037,ELEC-037,Electronics,136.76,268.28,59,S02,Dammam,Najd Logistics,57,7795.32,Low Stock
P0038,SPOR-038,Sports,39.12,85.44,69,S01,Jeddah,Gulf Supply Co,106,4146.72,Healthy
P0039,ELEC-039,Electronics,23.16,48.81,46,S03,Dammam,Red Sea Trading,62,1435.92,Healthy
P0040,ELEC-040,Electronics,59.38,114.62,12,S04,Dammam-2,Eastern Parts Ltd,47,2790.86,Healthy
P0041,OFFI-041,Office,157.08,294.97,45,S04,Jeddah,Eastern Parts Ltd,10,1570.8,Low Stock
P0042,CLOT-042,Clothing,77.6,166.54,34,S05,Jeddah,Metro Distributors,0,0.0,Stock-out
P0043,OFFI-043,Office,112.0,215.34,70,S01,Dammam-2,Gulf Supply Co,25,2800.0,Low Stock
P0044,ELEC-044,Electronics,8.52,14.86,57,S04,Dammam-2,Eastern Parts Ltd,18,153.36,Low Stock
P0045,CLOT-045,Clothing,133.23,241.34,68,S03,Jeddah,Red Sea Trading,0,0.0,Stock-out
P0046,OFFI-046,Office,52.58,114.4,60,S03,Dammam,Red Sea Trading,26,1367.08,Low Stock
P0047,HOME-047,Home & Kitchen,73.27,137.79,73,S01,Riyadh,Gulf Supply Co,112,8206.24,Healthy
P0048,SPOR-048,Sports,145.88,226.51,44,S01,Dammam-2,Gulf Supply Co,21,3063.48,Low Stock
P0049,ELEC-049,Electronics,198.94,342.76,55,S05,Jeddah,Metro Distributors,179,35610.26,Healthy
P0050,CLOT-050,Clothing,150.81,325.41,55,S05,Dammam,Metro Distributors,206,31066.86,Healthy
P0051,CLOT-051,Clothing,196.16,268.31,41,S01,Dammam-2,Gulf Supply Co,46,9023.36,Healthy
P0052,CLOT-052,Clothing,38.05,68.53,63,S02,Dammam,Najd Logistics,126,4794.3,Healthy
P0053,OFFI-053,Office,23.95,44.39,32,S02,Dammam,Najd Logistics,55,1317.25,Healthy
P0054,CLOT-054,Clothing,62.58,99.52,42,S01,Dammam,Gulf Supply Co,213,13329.54,Healthy
P0055,OFFI-055,Office,75.1,117.47,35,S03,Jeddah,Red Sea Trading,13,976.3,Low Stock
P0056,ELEC-056,Electronics,124.25,170.65,16,S01,Dammam-2,Gulf Supply Co,217,26962.25,Healthy
P0057,BEAU-057,Beauty,42.88,58.48,25,S04,Dammam,Eastern Parts Ltd,27,1157.76,Healthy
P0058,SPOR-058,Sports,117.88,199.76,72,S03,Riyadh,Red Sea Trading,214,25226.32,Healthy
P0059,HOME-059,Home & Kitchen,110.82,172.65,67,S02,Jeddah,Najd Logistics,77,8533.14,Healthy
P0060,ELEC-060,Electronics,12.28,25.06,63,S03,Dammam-2,Red Sea Trading,46,564.88,Low Stock
P0061,BEAU-061,Beauty,106.84,212.93,14,S04,Jeddah,Eastern Parts Ltd,0,0.0,Stock-out
P0062,BEAU-062,Beauty,42.9,71.65,64,S04,Dammam-2,Eastern Parts Ltd,108,4633.2,Healthy
P0063,BEAU-063,Beauty,194.06,377.08,28,S01,Dammam-2,Gulf Supply Co,153,29691.18,Healthy
P0064,CLOT-064,Clothing,90.6,124.18,71,S01,Dammam-2,Gulf Supply Co,13,1177.8,Low Stock
P0065,BEAU-065,Beauty,16.35,34.72,43,S01,Dammam-2,Gulf Supply Co,186,3041.1,Healthy
P0066,BEAU-066,Beauty,59.59,128.68,73,S05,Jeddah,Metro Distributors,55,3277.45,Low Stock
P0067,BEAU-067,Beauty,86.82,132.22,25,S03,Riyadh,Red Sea Trading,0,0.0,Stock-out
P0068,OFFI-068,Office,7.81,10.97,78,S01,Jeddah,Gulf Supply Co,6,46.86,Low Stock
P0069,OFFI-069,Office,196.0,285.73,25,S02,Jeddah,Najd Logistics,21,4116.0,Low Stock
P0070,BEAU-070,Beauty,97.33,141.7,32,S02,Jeddah,Najd Logistics,110,10706.3,Healthy
P0071,OFFI-071,Office,128.84,172.75,19,S02,Dammam,Najd Logistics,9,1159.56,Low Stock
P0072,HOME-072,Home & Kitchen,102.7,183.36,13,S02,Riyadh,Najd Logistics,237,24339.9,Healthy
P0073,SPOR-073,Sports,119.23,255.89,33,S04,Jeddah,Eastern Parts Ltd,106,12638.38,Healthy
P0074,CLOT-074,Clothing,130.44,223.37,60,S03,Riyadh,Red Sea Trading,25,3261.0,Low Stock
P0075,SPOR-075,Sports,80.29,173.83,52,S04,Riyadh,Eastern Parts Ltd,236,18948.44,Healthy
P0076,BEAU-076,Beauty,46.84,76.8,44,S01,Jeddah,Gulf Supply Co,0,0.0,Stock-out
P0077,BEAU-077,Beauty,169.75,224.23,43,S03,Riyadh,Red Sea Trading,249,42267.75,Healthy
P0078,SPOR-078,Sports,140.11,226.07,38,S04,Riyadh,Eastern Parts Ltd,37,5184.07,Low Stock
P0079,BEAU-079,Beauty,193.68,347.3,33,S03,Riyadh,Red Sea Trading,226,43771.68,Healthy
P0080,CLOT-080,Clothing,85.46,139.71,33,S05,Dammam-2,Metro Distributors,0,0.0,Stock-out
P0081,ELEC-081,Electronics,137.57,270.45,39,S01,Riyadh,Gulf Supply Co,14,1925.98,Low Stock
P0082,OFFI-082,Office,101.83,168.09,22,S03,Dammam,Red Sea Trading,191,19449.53,Healthy
P0083,ELEC-083,Electronics,15.43,33.37,28,S04,Riyadh,Eastern Parts Ltd,0,0.0,Stock-out
P0084,SPOR-084,Sports,190.26,410.11,25,S05,Riyadh,Metro Distributors,118,22450.68,Healthy
P0085,CLOT-085,Clothing,122.48,220.26,62,S01,Dammam,Gulf Supply Co,53,6491.44,Low Stock
P0086,BEAU-086,Beauty,186.53,406.04,23,S02,Riyadh,Najd Logistics,14,2611.42,Low Stock
P0087,CLOT-087,Clothing,178.1,287.78,27,S04,Riyadh,Eastern Parts Ltd,201,35798.1,Healthy
P0088,HOME-088,Home & Kitchen,168.21,349.91,16,S05,Dammam-2,Metro Distributors,38,6391.98,Healthy
P0089,HOME-089,Home & Kitchen,82.35,173.16,75,S05,Riyadh,Metro Distributors,184,15152.4,Healthy
P0090,BEAU-090,Beauty,50.48,92.03,74,S04,Riyadh,Eastern Parts Ltd,16,807.68,Low Stock
P0091,ELEC-091,Electronics,120.42,194.5,40,S03,Riyadh,Red Sea Trading,35,4214.7,Low Stock
P0092,SPOR-092,Sports,113.89,191.54,28,S03,Riyadh,Red Sea Trading,0,0.0,Stock-out
P0093,BEAU-093,Beauty,84.01,152.42,29,S04,Dammam-2,Eastern Parts Ltd,9,756.09,Low Stock
P0094,BEAU-094,Beauty,165.44,325.88,12,S05,Dammam-2,Metro Distributors,125,20680.0,Healthy
P0095,OFFI-095,Office,83.04,143.65,34,S01,Jeddah,Gulf Supply Co,43,3570.72,Healthy
P0096,BEAU-096,Beauty,192.83,252.79,41,S05,Riyadh,Metro Distributors,36,6941.88,Low Stock
P0097,BEAU-097,Beauty,13.46,28.7,45,S03,Dammam,Red Sea Trading,0,0.0,Stock-out
P0098,SPOR-098,Sports,19.71,28.57,58,S01,Riyadh,Gulf Supply Co,2,39.42,Low Stock
P0099,OFFI-099,Office,118.94,251.09,66,S03,Dammam-2,Red Sea Trading,211,25096.34,Healthy
P0100,HOME-100,Home & Kitchen,190.33,399.93,33,S04,Riyadh,Eastern Parts Ltd,24,4567.92,Low Stock
P0101,HOME-101,Home & Kitchen,41.68,71.58,67,S04,Jeddah,Eastern Parts Ltd,67,2792.56,Healthy
P0102,SPOR-102,Sports,20.16,43.89,73,S03,Jeddah,Red Sea Trading,137,2761.92,Healthy
P0103,ELEC-103,Electronics,59.55,99.45,38,S05,Jeddah,Metro Distributors,66,3930.3,Healthy
P0104,CLOT-104,Clothing,165.39,356.39,78,S01,Jeddah,Gulf Supply Co,232,38370.48,Healthy
P0105,HOME-105,Home & Kitchen,186.88,388.61,14,S01,Jeddah,Gulf Supply Co,9,1681.92,Low Stock
P0106,ELEC-106,Electronics,98.67,215.77,20,S05,Jeddah,Metro Distributors,19,1874.73,Low Stock
P0107,ELEC-107,Electronics,194.13,399.5,42,S02,Riyadh,Najd Logistics,0,0.0,Stock-out
P0108,CLOT-108,Clothing,31.1,40.81,64,S04,Riyadh,Eastern Parts Ltd,0,0.0,Stock-out
P0109,BEAU-109,Beauty,199.94,439.26,62,S05,Riyadh,Metro Distributors,110,21993.4,Healthy
P0110,BEAU-110,Beauty,152.63,250.32,10,S03,Riyadh,Red Sea Trading,5,763.15,Low Stock
P0111,BEAU-111,Beauty,45.41,94.93,41,S02,Dammam-2,Najd Logistics,7,317.87,Low Stock
P0112,HOME-112,Home & Kitchen,102.14,176.56,12,S03,Jeddah,Red Sea Trading,110,11235.4,Healthy
P0113,SPOR-113,Sports,164.2,356.51,66,S01,Dammam-2,Gulf Supply Co,7,1149.4,Low Stock
P0114,BEAU-114,Beauty,125.96,243.57,60,S04,Jeddah,Eastern Parts Ltd,167,21035.32,Healthy
P0115,OFFI-115,Office,123.58,231.46,60,S02,Dammam-2,Najd Logistics,112,13840.96,Healthy
P0116,ELEC-116,Electronics,105.23,211.02,39,S02,Dammam,Najd Logistics,235,24729.05,Healthy
P0117,ELEC-117,Electronics,190.16,272.38,65,S01,Jeddah,Gulf Supply Co,0,0.0,Stock-out
P0118,ELEC-118,Electronics,55.36,94.84,43,S05,Jeddah,Metro Distributors,41,2269.76,Low Stock
P0119,BEAU-119,Beauty,45.78,83.4,32,S03,Jeddah,Red Sea Trading,168,7691.04,Healthy
P0120,SPOR-120,Sports,40.47,65.2,76,S03,Dammam,Red Sea Trading,15,607.05,Low Stock
