PO_ID,ProductID,SupplierID,SupplierName,Warehouse,OrderDate,PlannedDelivery,ActualDelivery,LeadTimeDays,OrderQty,ReceivedQty,OnTime,UnitCost,FillRate,OrderValue
PO00001,P0006,S04,Eastern Parts Ltd,Dammam-2,2025-04-13,2025-04-26,2025-04-26,13,39,39,1,22.67,1.0,884.13
PO00002,P0013,S02,Najd Logistics,Riyadh,2024-10-12,2024-10-26,2024-10-26,14,27,27,1,68.44,1.0,1847.88
PO00003,P0098,S01,Gulf Supply Co,Riyadh,2025-03-02,2025-03-12,2025-03-11,9,78,78,1,19.71,1.0,1537.38
PO00004,P0043,S01,Gulf Supply Co,Dammam-2,2025-08-22,2025-09-11,2025-09-09,18,93,93,1,112.0,1.0,10416.0
PO00005,P0087,S04,Eastern Parts Ltd,Riyadh,2024-12-11,2024-12-30,2024-12-30,19,91,91,1,178.1,1.0,16207.1
PO00006,P0043,S01,Gulf Supply Co,Dammam-2,2025-01-04,2025-01-14,2025-01-12,8,136,136,1,112.0,1.0,15232.0
PO00007,P0025,S01,Gulf Supply Co,Riyadh,2024-10-08,2024-10-19,2024-10-18,10,27,27,1,86.22,1.0,2327.94
PO00008,P0115,S02,Najd Logistics,Dammam-2,2025-08-20,2025-09-08,2025-09-07,18,38,38,1,123.58,1.0,4696.04
PO00009,P0108,S04,Eastern Parts Ltd,Riyadh,2025-03-13,2025-03-28,2025-03-28,15,116,116,1,31.1,1.0,3607.6
PO00010,P0082,S03,Red Sea Trading,Dammam,2025-02-07,2025-02-15,2025-02-14,7,39,39,1,101.83,1.0,3971.37
PO00011,P0091,S03,Red Sea Trading,Riyadh,2025-01-20,2025-02-03,2025-02-03,14,199,199,1,120.42,1.0,23963.58
PO00012,P0056,S01,Gulf Supply Co,Dammam-2,2025-01-21,2025-02-01,2025-01-30,9,141,141,1,124.25,1.0,17519.25
PO00013,P0062,S04,Eastern Parts Ltd,Dammam-2,2025-05-17,2025-06-02,2025-05-31,14,151,124,1,42.9,0.821,6477.9
PO00014,P0027,S03,Red Sea Trading,Jeddah,2025-02-04,2025-02-12,2025-02-10,6,167,167,1,48.31,1.0,8067.77
PO00015,P0052,S02,Najd Logistics,Dammam,2025-01-22,2025-02-05,2025-02-03,12,180,180,1,38.05,1.0,6849.0
PO00016,P0109,S05,Metro Distributors,Riyadh,2024-11-15,2024-12-05,2024-12-14,29,91,91,0,199.94,1.0,18194.54
PO00017,P0105,S01,Gulf Supply Co,Jeddah,2025-06-25,2025-07-11,2025-07-09,14,155,155,1,186.88,1.0,28966.4
PO00018,P0029,S01,Gulf Supply Co,Dammam,2025-06-25,2025-07-12,2025-07-12,17,74,74,1,140.78,1.0,10417.72
PO00019,P0064,S01,Gulf Supply Co,Dammam-2,2024-10-21,2024-11-07,2024-11-07,17,87,87,1,90.6,1.0,7882.2
PO00020,P0097,S03,Red Sea Trading,Dammam,2025-02-05,2025-02-12,2025-02-14,9,54,54,0,13.46,1.0,726.84
PO00021,P0007,S01,Gulf Supply Co,Dammam,2025-08-03,2025-08-12,2025-08-11,8,131,131,1,14.06,1.0,1841.86
PO00022,P0062,S04,Eastern Parts Ltd,Dammam-2,2024-10-07,2024-10-22,2024-10-20,13,31,24,1,42.9,0.774,1329.9
PO00023,P0019,S02,Najd Logistics,Dammam,2024-12-28,2025-01-06,2025-01-06,9,74,74,1,194.48,1.0,14391.52
PO00024,P0095,S01,Gulf Supply Co,Jeddah,2024-11-10,2024-11-19,2024-11-22,12,65,65,0,83.04,1.0,5397.6
PO00025,P0026,S03,Red Sea Trading,Riyadh,2025-03-24,2025-04-06,2025-04-10,17,100,100,0,131.3,1.0,13130.0
PO00026,P0036,S02,Najd Logistics,Dammam-2,2024-10-02,2024-10-18,2024-10-17,15,41,41,1,188.4,1.0,7724.4
PO00027,P0075,S04,Eastern Parts Ltd,Riyadh,2024-12-12,2024-12-29,2024-12-28,16,58,58,1,80.29,1.0,4656.82
PO00028,P0034,S04,Eastern Parts Ltd,Dammam-2,2025-01-30,2025-02-17,2025-02-16,17,183,183,1,104.1,1.0,19050.3
PO00029,P0031,S04,Eastern Parts Ltd,Dammam,2025-01-04,2025-01-12,2025-01-11,7,68,68,1,108.53,1.0,7380.04
PO00030,P0117,S01,Gulf Supply Co,Jeddah,2025-06-21,2025-06-28,2025-06-27,6,144,104,1,190.16,0.722,27383.04
PO00031,P0040,S04,Eastern Parts Ltd,Dammam-2,2024-10-13,2024-10-21,2024-10-20,7,196,196,1,59.38,1.0,11638.48
PO00032,P0076,S01,Gulf Supply Co,Jeddah,2024-12-28,2025-01-05,2025-01-03,6,187,187,1,46.84,1.0,8759.08
PO00033,P0112,S03,Red Sea Trading,Jeddah,2025-01-24,2025-02-08,2025-02-06,13,127,127,1,102.14,1.0,12971.78
PO00034,P0092,S03,Red Sea Trading,Riyadh,2025-02-17,2025-02-27,2025-02-26,9,195,195,1,113.89,1.0,22208.55
PO00035,P0007,S01,Gulf Supply Co,Dammam,2024-10-26,2024-11-06,2024-11-06,11,39,39,1,14.06,1.0,548.34
PO00036,P0088,S05,Metro Distributors,Dammam-2,2025-08-12,2025-08-25,2025-08-25,13,37,37,1,168.21,1.0,6223.77
PO00037,P0071,S02,Najd Logistics,Dammam,2024-11-07,2024-11-17,2024-11-17,10,167,167,1,128.84,1.0,21516.28
PO00038,P0018,S01,Gulf Supply Co,Dammam,2025-07-07,2025-07-23,2025-07-23,16,97,97,1,68.41,1.0,6635.77
PO00039,P0053,S02,Najd Logistics,Dammam,2025-03-20,2025-04-08,2025-04-06,17,105,105,1,23.95,1.0,2514.75
PO00040,P0034,S04,Eastern Parts Ltd,Dammam-2,2025-05-24,2025-06-11,2025-06-11,18,23,23,1,104.1,1.0,2394.3
PO00041,P0034,S04,Eastern Parts Ltd,Dammam-2,2025-01-31,2025-02-09,2025-02-17,17,29,29,0,104.1,1.0,3018.9
PO00042,P0102,S03,Red Sea Trading,Jeddah,2025-04-05,2025-04-14,2025-04-12,7,142,105,1,20.16,0.739,2862.72
PO00043,P0032,S05,Metro Distributors,Dammam-2,2024-11-17,2024-11-30,2024-12-01,14,29,29,0,77.08,1.0,2235.32
PO00044,P0021,S05,Metro Distributors,Dammam-2,2025-02-03,2025-02-16,2025-02-14,11,193,193,1,26.04,1.0,5025.72
PO00045,P0046,S03,Red Sea Trading,Dammam,2025-06-30,2025-07-16,2025-07-16,16,149,149,1,52.58,1.0,7834.42
PO00046,P0114,S04,Eastern Parts Ltd,Jeddah,2024-11-26,2024-12-04,2024-12-14,18,133,133,0,125.96,1.0,16752.68
PO00047,P0024,S04,Eastern Parts Ltd,Dammam-2,2025-07-19,2025-08-01,2025-07-30,11,34,34,1,62.65,1.0,2130.1
PO00048,P0077,S03,Red Sea Trading,Riyadh,2025-02-17,2025-02-24,2025-03-08,19,97,97,0,169.75,1.0,16465.75
PO00049,P0092,S03,Red Sea Trading,Riyadh,2025-04-30,2025-05-14,2025-05-12,12,125,125,1,113.89,1.0,14236.25
PO00050,P0067,S03,Red Sea Trading,Riyadh,2025-03-05,2025-03-24,2025-03-24,19,21,16,1,86.82,0.762,1823.22
PO00051,P0006,S04,Eastern Parts Ltd,Dammam-2,2025-03-19,2025-04-01,2025-03-31,12,68,68,1,22.67,1.0,1541.56
PO00052,P0108,S04,Eastern Parts Ltd,Riyadh,2025-08-08,2025-08-21,2025-08-22,14,167,167,0,31.1,1.0,5193.7
PO00053,P0008,S02,Najd Logistics,Riyadh,2025-06-11,2025-06-24,2025-06-22,11,165,165,1,190.03,1.0,31354.95
PO00054,P0080,S05,Metro Distributors,Dammam-2,2024-12-16,2024-12-24,2024-12-24,8,111,111,1,85.46,1.0,9486.06
PO00055,P0004,S05,Metro Distributors,Dammam-2,2025-06-17,2025-07-01,2025-06-29,12,135,135,1,40.76,1.0,5502.6
PO00056,P0044,S04,Eastern Parts Ltd,Dammam-2,2025-05-08,2025-05-21,2025-05-19,11,152,152,1,8.52,1.0,1295.04
PO00057,P0008,S02,Najd Logistics,Riyadh,2024-10-21,2024-11-08,2024-11-06,16,66,66,1,190.03,1.0,12541.98
PO00058,P0070,S02,Najd Logistics,Jeddah,2025-01-18,2025-02-03,2025-02-02,15,63,63,1,97.33,1.0,6131.79
PO00059,P0111,S02,Najd Logistics,Dammam-2,2025-02-28,2025-03-13,2025-03-11,11,197,197,1,45.41,1.0,8945.77
PO00060,P0004,S05,Metro Distributors,Dammam-2,2024-10-21,2024-10-31,2024-10-29,8,104,104,1,40.76,1.0,4239.04
PO00061,P0117,S01,Gulf Supply Co,Jeddah,2025-05-16,2025-05-23,2025-05-23,7,153,153,1,190.16,1.0,29094.48
PO00062,P0105,S01,Gulf Supply Co,Jeddah,2024-11-12,2024-11-24,2024-11-23,11,86,86,1,186.88,1.0,16071.68
PO00063,P0021,S05,Metro Distributors,Dammam-2,2025-05-28,2025-06-06,2025-06-04,7,41,41,1,26.04,1.0,1067.64
PO00064,P0089,S05,Metro Distributors,Riyadh,2025-05-13,2025-05-31,2025-05-29,16,147,147,1,82.35,1.0,12105.45
PO00065,P0107,S02,Najd Logistics,Riyadh,2025-07-05,2025-07-22,2025-07-22,17,198,198,1,194.13,1.0,38437.74
PO00066,P0102,S03,Red Sea Trading,Jeddah,2025-02-01,2025-02-14,2025-02-12,11,155,155,1,20.16,1.0,3124.8
PO00067,P0035,S04,Eastern Parts Ltd,Dammam-2,2025-05-04,2025-05-21,2025-05-20,16,42,42,1,47.95,1.0,2013.9
PO00068,P0009,S05,Metro Distributors,Dammam-2,2025-03-12,2025-03-31,2025-03-30,18,100,79,1,138.43,0.79,13843.0
PO00069,P0044,S04,Eastern Parts Ltd,Dammam-2,2025-04-22,2025-05-01,2025-04-30,8,189,147,1,8.52,0.778,1610.28
PO00070,P0041,S04,Eastern Parts Ltd,Jeddah,2025-03-02,2025-03-19,2025-03-18,16,173,173,1,157.08,1.0,27174.84
PO00071,P0046,S03,Red Sea Trading,Dammam,2025-06-02,2025-06-18,2025-06-28,26,77,77,0,52.58,1.0,4048.66
PO00072,P0069,S02,Najd Logistics,Jeddah,2024-11-20,2024-12-09,2024-12-09,19,74,74,1,196.0,1.0,14504.0
PO00073,P0041,S04,Eastern Parts Ltd,Jeddah,2025-06-10,2025-06-28,2025-06-28,18,56,56,1,157.08,1.0,8796.48
PO00074,P0050,S05,Metro Distributors,Dammam,2025-05-28,2025-06-06,2025-06-04,7,60,60,1,150.81,1.0,9048.6
PO00075,P0032,S05,Metro Distributors,Dammam-2,2025-07-16,2025-07-31,2025-07-31,15,78,78,1,77.08,1.0,6012.24
PO00076,P0008,S02,Najd Logistics,Riyadh,2025-08-18,2025-09-01,2025-09-08,21,104,104,0,190.03,1.0,19763.12
PO00077,P0116,S02,Najd Logistics,Dammam,2025-07-09,2025-07-25,2025-07-23,14,57,57,1,105.23,1.0,5998.11
PO00078,P0043,S01,Gulf Supply Co,Dammam-2,2025-04-21,2025-05-02,2025-05-02,11,147,147,1,112.0,1.0,16464.0
PO00079,P0029,S01,Gulf Supply Co,Dammam,2025-06-26,2025-07-10,2025-07-09,13,31,31,1,140.78,1.0,4364.18
PO00080,P0028,S04,Eastern Parts Ltd,Dammam-2,2025-03-24,2025-04-03,2025-04-01,8,114,114,1,83.75,1.0,9547.5
PO00081,P0115,S02,Najd Logistics,Dammam-2,2024-11-02,2024-11-18,2024-11-18,16,110,110,1,123.58,1.0,13593.8
PO00082,P0021,S05,Metro Distributors,Dammam-2,2025-05-04,2025-05-23,2025-05-22,18,182,182,1,26.04,1.0,4739.28
PO00083,P0119,S03,Red Sea Trading,Jeddah,2025-01-30,2025-02-12,2025-02-16,17,68,68,0,45.78,1.0,3113.04
PO00084,P0022,S03,Red Sea Trading,Riyadh,2024-10-01,2024-10-13,2024-10-11,10,152,152,1,181.98,1.0,27660.96
PO00085,P0029,S01,Gulf Supply Co,Dammam,2025-05-22,2025-06-07,2025-06-07,16,81,81,1,140.78,1.0,11403.18
PO00086,P0110,S03,Red Sea Trading,Riyadh,2024-11-28,2024-12-10,2024-12-10,12,153,119,1,152.63,0.778,23352.39
PO00087,P0079,S03,Red Sea Trading,Riyadh,2025-07-07,2025-07-22,2025-07-21,14,184,166,1,193.68,0.902,35637.12
PO00088,P0096,S05,Metro Distributors,Riyadh,2025-05-19,2025-05-31,2025-05-30,11,56,56,1,192.83,1.0,10798.48
PO00089,P0111,S02,Najd Logistics,Dammam-2,2025-06-02,2025-06-12,2025-06-12,10,87,87,1,45.41,1.0,3950.67
PO00090,P0001,S05,Metro Distributors,Dammam,2025-02-26,2025-03-15,2025-03-14,16,101,101,1,190.39,1.0,19229.39
PO00091,P0021,S05,Metro Distributors,Dammam-2,2025-02-21,2025-03-12,2025-03-11,18,54,54,1,26.04,1.0,1406.16
PO00092,P0069,S02,Najd Logistics,Jeddah,2024-10-08,2024-10-19,2024-10-26,18,54,54,0,196.0,1.0,10584.0
PO00093,P0116,S02,Najd Logistics,Dammam,2025-05-04,2025-05-17,2025-05-15,11,57,57,1,105.23,1.0,5998.11
PO00094,P0022,S03,Red Sea Trading,Riyadh,2025-05-05,2025-05-12,2025-05-12,7,166,166,1,181.98,1.0,30208.68
PO00095,P0058,S03,Red Sea Trading,Riyadh,2024-12-08,2024-12-15,2024-12-15,7,139,139,1,117.88,1.0,16385.32
PO00096,P0088,S05,Metro Distributors,Dammam-2,2025-03-01,2025-03-12,2025-03-11,10,157,157,1,168.21,1.0,26408.97
PO00097,P0076,S01,Gulf Supply Co,Jeddah,2025-06-30,2025-07-10,2025-07-08,8,184,184,1,46.84,1.0,8618.56
PO00098,P0030,S03,Red Sea Trading,Jeddah,2025-05-03,2025-05-20,2025-05-20,17,29,29,1,195.44,1.0,5667.76
PO00099,P0071,S02,Najd Logistics,Dammam,2025-03-30,2025-04-08,2025-04-06,7,123,123,1,128.84,1.0,15847.32
PO00100,P0045,S03,Red Sea Trading,Jeddah,2025-07-06,2025-07-25,2025-07-25,19,124,124,1,133.23,1.0,16520.52
PO00101,P0041,S04,Eastern Parts Ltd,Jeddah,2024-12-14,2024-12-21,2025-01-02,19,94,94,0,157.08,1.0,14765.52
PO00102,P0034,S04,Eastern Parts Ltd,Dammam-2,2024-12-01,2024-12-17,2024-12-15,14,43,43,1,104.1,1.0,4476.3
PO00103,P0052,S02,Najd Logistics,Dammam,2025-05-01,2025-05-10,2025-05-08,7,183,183,1,38.05,1.0,6963.15
PO00104,P0113,S01,Gulf Supply Co,Dammam-2,2024-11-19,2024-12-04,2024-12-02,13,136,136,1,164.2,1.0,22331.2
PO00105,P0081,S01,Gulf Supply Co,Riyadh,2025-08-09,2025-08-21,2025-08-21,12,44,44,1,137.57,1.0,6053.08
PO00106,P0005,S04,Eastern Parts Ltd,Dammam-2,2025-07-24,2025-08-02,2025-07-31,7,101,101,1,61.79,1.0,6240.79
PO00107,P0076,S01,Gulf Supply Co,Jeddah,2025-08-24,2025-09-10,2025-09-11,18,144,128,0,46.84,0.889,6744.96
PO00108,P0104,S01,Gulf Supply Co,Jeddah,2024-11-10,2024-11-28,2024-11-28,18,177,177,1,165.39,1.0,29274.03
PO00109,P0075,S04,Eastern Parts Ltd,Riyadh,2025-07-21,2025-07-31,2025-07-29,8,48,48,1,80.29,1.0,3853.92
PO00110,P0010,S02,Najd Logistics,Jeddah,2025-07-24,2025-08-02,2025-08-01,8,114,114,1,182.32,1.0,20784.48
PO00111,P0017,S02,Najd Logistics,Riyadh,2025-05-19,2025-05-30,2025-05-29,10,168,168,1,27.59,1.0,4635.12
PO00112,P0072,S02,Najd Logistics,Riyadh,2025-08-06,2025-08-18,2025-08-22,16,38,38,0,102.7,1.0,3902.6
PO00113,P0101,S04,Eastern Parts Ltd,Jeddah,2025-04-09,2025-04-28,2025-04-27,18,35,35,1,41.68,1.0,1458.8
PO00114,P0110,S03,Red Sea Trading,Riyadh,2025-08-21,2025-09-03,2025-09-15,25,93,93,0,152.63,1.0,14194.59
PO00115,P0021,S05,Metro Distributors,Dammam-2,2025-03-14,2025-04-03,2025-04-01,18,103,91,1,26.04,0.883,2682.12
PO00116,P0089,S05,Metro Distributors,Riyadh,2024-10-25,2024-11-09,2024-11-09,15,64,64,1,82.35,1.0,5270.4
PO00117,P0011,S02,Najd Logistics,Jeddah,2025-01-25,2025-02-13,2025-02-11,17,94,94,1,45.55,1.0,4281.7
PO00118,P0029,S01,Gulf Supply Co,Dammam,2025-04-29,2025-05-17,2025-05-23,24,166,166,0,140.78,1.0,23369.48
PO00119,P0040,S04,Eastern Parts Ltd,Dammam-2,2025-04-25,2025-05-09,2025-05-07,12,55,55,1,59.38,1.0,3265.9
PO00120,P0038,S01,Gulf Supply Co,Jeddah,2025-01-10,2025-01-30,2025-02-03,24,70,70,0,39.12,1.0,2738.4
PO00121,P0002,S03,Red Sea Trading,Jeddah,2025-06-02,2025-06-16,2025-06-20,18,90,90,0,35.42,1.0,3187.8
PO00122,P0047,S01,Gulf Supply Co,Riyadh,2025-06-29,2025-07-13,2025-07-12,13,169,169,1,73.27,1.0,12382.63
PO00123,P0069,S02,Najd Logistics,Jeddah,2025-07-16,2025-08-02,2025-08-11,26,25,25,0,196.0,1.0,4900.0
PO00124,P0043,S01,Gulf Supply Co,Dammam-2,2025-07-30,2025-08-11,2025-08-10,11,193,193,1,112.0,1.0,21616.0
PO00125,P0073,S04,Eastern Parts Ltd,Jeddah,2025-07-25,2025-08-14,2025-08-13,19,35,35,1,119.23,1.0,4173.05
PO00126,P0005,S04,Eastern Parts Ltd,Dammam-2,2024-12-28,2025-01-05,2025-01-05,8,114,114,1,61.79,1.0,7044.06
PO00127,P0112,S03,Red Sea Trading,Jeddah,2024-12-19,2024-12-26,2024-12-26,7,174,122,1,102.14,0.701,17772.36
PO00128,P0028,S04,Eastern Parts Ltd,Dammam-2,2024-10-13,2024-10-27,2024-10-26,13,89,89,1,83.75,1.0,7453.75
PO00129,P0045,S03,Red Sea Trading,Jeddah,2025-01-11,2025-01-25,2025-01-23,12,33,33,1,133.23,1.0,4396.59
PO00130,P0047,S01,Gulf Supply Co,Riyadh,2025-03-08,2025-03-28,2025-03-28,20,148,148,1,73.27,1.0,10843.96
PO00131,P0053,S02,Najd Logistics,Dammam,2025-01-28,2025-02-14,2025-02-12,15,161,161,1,23.95,1.0,3855.95
PO00132,P0011,S02,Najd Logistics,Jeddah,2025-03-17,2025-04-05,2025-04-03,17,24,24,1,45.55,1.0,1093.2
PO00133,P0064,S01,Gulf Supply Co,Dammam-2,2025-03-16,2025-03-26,2025-03-25,9,25,25,1,90.6,1.0,2265.0
PO00134,P0004,S05,Metro Distributors,Dammam-2,2025-04-08,2025-04-17,2025-04-30,22,116,116,0,40.76,1.0,4728.16
PO00135,P0008,S02,Najd Logistics,Riyadh,2025-02-10,2025-02-22,2025-02-20,10,137,137,1,190.03,1.0,26034.11
PO00136,P0107,S02,Najd Logistics,Riyadh,2025-04-15,2025-05-04,2025-05-04,19,39,39,1,194.13,1.0,7571.07
PO00137,P0049,S05,Metro Distributors,Jeddah,2025-07-20,2025-07-29,2025-07-27,7,126,126,1,198.94,1.0,25066.44
PO00138,P0104,S01,Gulf Supply Co,Jeddah,2024-11-20,2024-12-08,2024-12-08,18,44,44,1,165.39,1.0,7277.16
PO00139,P0089,S05,Metro Distributors,Riyadh,2025-04-17,2025-04-26,2025-04-24,7,108,108,1,82.35,1.0,8893.8
PO00140,P0040,S04,Eastern Parts Ltd,Dammam-2,2025-05-05,2025-05-23,2025-05-23,18,149,114,1,59.38,0.765,8847.62
PO00141,P0011,S02,Najd Logistics,Jeddah,2025-06-14,2025-06-26,2025-06-25,11,161,161,1,45.55,1.0,7333.55
PO00142,P0064,S01,Gulf Supply Co,Dammam-2,2024-11-08,2024-11-19,2024-11-24,16,137,137,0,90.6,1.0,12412.2
PO00143,P0022,S03,Red Sea Trading,Riyadh,2025-06-07,2025-06-20,2025-07-02,25,107,107,0,181.98,1.0,19471.86
PO00144,P0021,S05,Metro Distributors,Dammam-2,2025-02-28,2025-03-12,2025-03-12,12,117,117,1,26.04,1.0,3046.68
PO00145,P0018,S01,Gulf Supply Co,Dammam,2025-03-25,2025-04-10,2025-04-10,16,108,108,1,68.41,1.0,7388.28
PO00146,P0026,S03,Red Sea Trading,Riyadh,2024-11-08,2024-11-26,2024-11-26,18,116,116,1,131.3,1.0,15230.8
PO00147,P0081,S01,Gulf Supply Co,Riyadh,2025-06-02,2025-06-17,2025-06-17,15,108,108,1,137.57,1.0,14857.56
PO00148,P0061,S04,Eastern Parts Ltd,Jeddah,2025-06-09,2025-06-19,2025-06-17,8,112,112,1,106.84,1.0,11966.08
PO00149,P0032,S05,Metro Distributors,Dammam-2,2024-10-07,2024-10-19,2024-10-17,10,87,87,1,77.08,1.0,6705.96
PO00150,P0035,S04,Eastern Parts Ltd,Dammam-2,2025-06-20,2025-07-02,2025-07-02,12,191,191,1,47.95,1.0,9158.45
PO00151,P0052,S02,Najd Logistics,Dammam,2024-11-15,2024-11-22,2024-11-21,6,170,170,1,38.05,1.0,6468.5
PO00152,P0021,S05,Metro Distributors,Dammam-2,2025-02-15,2025-02-26,2025-02-25,10,127,127,1,26.04,1.0,3307.08
PO00153,P0104,S01,Gulf Supply Co,Jeddah,2024-12-26,2025-01-10,2025-01-08,13,165,165,1,165.39,1.0,27289.35
PO00154,P0070,S02,Najd Logistics,Jeddah,2024-10-08,2024-10-23,2024-10-25,17,149,149,0,97.33,1.0,14502.17
PO00155,P0073,S04,Eastern Parts Ltd,Jeddah,2025-01-11,2025-01-21,2025-01-20,9,186,186,1,119.23,1.0,22176.78
PO00156,P0005,S04,Eastern Parts Ltd,Dammam-2,2025-06-25,2025-07-02,2025-07-03,8,138,138,0,61.79,1.0,8527.02
PO00157,P0055,S03,Red Sea Trading,Jeddah,2024-11-27,2024-12-12,2024-12-21,24,196,196,0,75.1,1.0,14719.6
PO00158,P0083,S04,Eastern Parts Ltd,Riyadh,2025-03-19,2025-03-30,2025-03-28,9,99,99,1,15.43,1.0,1527.57
PO00159,P0024,S04,Eastern Parts Ltd,Dammam-2,2025-03-14,2025-04-01,2025-03-30,16,96,96,1,62.65,1.0,6014.4
PO00160,P0089,S05,Metro Distributors,Riyadh,2025-02-17,2025-03-03,2025-03-02,13,144,144,1,82.35,1.0,11858.4
PO00161,P0101,S04,Eastern Parts Ltd,Jeddah,2025-01-10,2025-01-17,2025-01-30,20,81,81,0,41.68,1.0,3376.08
PO00162,P0050,S05,Metro Distributors,Dammam,2025-04-06,2025-04-19,2025-04-17,11,190,190,1,150.81,1.0,28653.9
PO00163,P0052,S02,Najd Logistics,Dammam,2025-01-28,2025-02-11,2025-02-11,14,172,172,1,38.05,1.0,6544.6
PO00164,P0039,S03,Red Sea Trading,Dammam,2025-01-30,2025-02-09,2025-02-08,9,130,130,1,23.16,1.0,3010.8
PO00165,P0077,S03,Red Sea Trading,Riyadh,2025-02-12,2025-03-01,2025-03-13,29,153,153,0,169.75,1.0,25971.75
PO00166,P0042,S05,Metro Distributors,Jeddah,2025-05-14,2025-05-23,2025-06-04,21,90,90,0,77.6,1.0,6984.0
PO00167,P0043,S01,Gulf Supply Co,Dammam-2,2025-03-03,2025-03-23,2025-03-21,18,157,157,1,112.0,1.0,17584.0
PO00168,P0065,S01,Gulf Supply Co,Dammam-2,2025-05-28,2025-06-13,2025-06-11,14,149,149,1,16.35,1.0,2436.15
PO00169,P0002,S03,Red Sea Trading,Jeddah,2025-07-23,2025-07-31,2025-07-29,6,32,32,1,35.42,1.0,1133.44
PO00170,P0115,S02,Najd Logistics,Dammam-2,2025-08-11,2025-08-26,2025-09-01,21,69,69,0,123.58,1.0,8527.02
PO00171,P0034,S04,Eastern Parts Ltd,Dammam-2,2025-06-17,2025-07-02,2025-07-01,14,110,110,1,104.1,1.0,11451.0
PO00172,P0040,S04,Eastern Parts Ltd,Dammam-2,2025-07-22,2025-08-08,2025-08-07,16,142,133,1,59.38,0.937,8431.96
PO00173,P0073,S04,Eastern Parts Ltd,Jeddah,2025-07-28,2025-08-05,2025-08-11,14,114,114,0,119.23,1.0,13592.22
PO00174,P0084,S05,Metro Distributors,Riyadh,2025-05-28,2025-06-12,2025-06-12,15,107,107,1,190.26,1.0,20357.82
PO00175,P0097,S03,Red Sea Trading,Dammam,2024-12-04,2024-12-12,2024-12-12,8,138,138,1,13.46,1.0,1857.48
PO00176,P0058,S03,Red Sea Trading,Riyadh,2025-01-02,2025-01-18,2025-01-18,16,22,22,1,117.88,1.0,2593.36
PO00177,P0079,S03,Red Sea Trading,Riyadh,2024-10-10,2024-10-21,2024-10-20,10,88,88,1,193.68,1.0,17043.84
PO00178,P0094,S05,Metro Distributors,Dammam-2,2024-11-11,2024-11-26,2024-11-25,14,174,174,1,165.44,1.0,28786.56
PO00179,P0069,S02,Najd Logistics,Jeddah,2025-06-03,2025-06-18,2025-06-16,13,59,59,1,196.0,1.0,11564.0
PO00180,P0050,S05,Metro Distributors,Dammam,2024-11-21,2024-12-10,2024-12-10,19,146,146,1,150.81,1.0,22018.26
PO00181,P0057,S04,Eastern Parts Ltd,Dammam,2025-03-20,2025-04-07,2025-04-17,28,28,28,0,42.88,1.0,1200.64
PO00182,P0073,S04,Eastern Parts Ltd,Jeddah,2025-05-15,2025-05-27,2025-05-27,12,155,155,1,119.23,1.0,18480.65
PO00183,P0019,S02,Najd Logistics,Dammam,2025-03-02,2025-03-15,2025-03-13,11,111,111,1,194.48,1.0,21587.28
PO00184,P0053,S02,Najd Logistics,Dammam,2025-01-15,2025-02-01,2025-01-30,15,100,100,1,23.95,1.0,2395.0
PO00185,P0061,S04,Eastern Parts Ltd,Jeddah,2025-07-11,2025-07-24,2025-07-23,12,145,145,1,106.84,1.0,15491.8
PO00186,P0007,S01,Gulf Supply Co,Dammam,2025-08-22,2025-09-06,2025-09-13,22,184,184,0,14.06,1.0,2587.04
PO00187,P0001,S05,Metro Distributors,Dammam,2024-10-14,2024-10-27,2024-10-27,13,134,134,1,190.39,1.0,25512.26
PO00188,P0116,S02,Najd Logistics,Dammam,2025-02-17,2025-03-07,2025-03-06,17,96,96,1,105.23,1.0,10102.08
PO00189,P0115,S02,Najd Logistics,Dammam-2,2025-06-09,2025-06-26,2025-06-25,16,55,55,1,123.58,1.0,6796.9
PO00190,P0118,S05,Metro Distributors,Jeddah,2024-11-20,2024-11-29,2024-11-28,8,173,173,1,55.36,1.0,9577.28
PO00191,P0045,S03,Red Sea Trading,Jeddah,2025-01-21,2025-02-09,2025-02-09,19,143,103,1,133.23,0.72,19051.89
PO00192,P0020,S02,Najd Logistics,Jeddah,2025-03-12,2025-03-30,2025-03-30,18,26,26,1,101.29,1.0,2633.54
PO00193,P0021,S05,Metro Distributors,Dammam-2,2025-03-23,2025-04-11,2025-04-09,17,54,42,1,26.04,0.778,1406.16
PO00194,P0103,S05,Metro Distributors,Jeddah,2024-12-10,2024-12-18,2024-12-18,8,85,85,1,59.55,1.0,5061.75
PO00195,P0002,S03,Red Sea Trading,Jeddah,2025-05-03,2025-05-11,2025-05-10,7,191,191,1,35.42,1.0,6765.22
PO00196,P0061,S04,Eastern Parts Ltd,Jeddah,2025-02-15,2025-02-28,2025-02-28,13,82,82,1,106.84,1.0,8760.88
PO00197,P0018,S01,Gulf Supply Co,Dammam,2024-11-27,2024-12-17,2024-12-17,20,52,52,1,68.41,1.0,3557.32
PO00198,P0044,S04,Eastern Parts Ltd,Dammam-2,2025-03-06,2025-03-22,2025-03-22,16,66,66,1,8.52,1.0,562.32
PO00199,P0101,S04,Eastern Parts Ltd,Jeddah,2025-06-01,2025-06-16,2025-06-15,14,51,51,1,41.68,1.0,2125.68
PO00200,P0080,S05,Metro Distributors,Dammam-2,2024-10-27,2024-11-03,2024-11-07,11,197,197,0,85.46,1.0,16835.62
PO00201,P0010,S02,Najd Logistics,Jeddah,2025-08-01,2025-08-10,2025-08-09,8,32,32,1,182.32,1.0,5834.24
PO00202,P0048,S01,Gulf Supply Co,Dammam-2,2025-07-26,2025-08-13,2025-08-13,18,186,186,1,145.88,1.0,27133.68
PO00203,P0111,S02,Najd Logistics,Dammam-2,2025-07-21,2025-07-28,2025-07-28,7,36,36,1,45.41,1.0,1634.76
PO00204,P0023,S02,Najd Logistics,Jeddah,2025-06-30,2025-07-19,2025-07-19,19,171,171,1,188.86,1.0,32295.06
PO00205,P0026,S03,Red Sea Trading,Riyadh,2024-10-13,2024-11-01,2024-10-31,18,36,36,1,131.3,1.0,4726.8
PO00206,P0087,S04,Eastern Parts Ltd,Riyadh,2025-04-07,2025-04-18,2025-04-22,15,33,33,0,178.1,1.0,5877.3
PO00207,P0034,S04,Eastern Parts Ltd,Dammam-2,2025-05-25,2025-06-14,2025-06-12,18,52,52,1,104.1,1.0,5413.2
PO00208,P0066,S05,Metro Distributors,Jeddah,2025-03-29,2025-04-06,2025-04-04,6,40,40,1,59.59,1.0,2383.6
PO00209,P0090,S04,Eastern Parts Ltd,Riyadh,2025-04-08,2025-04-20,2025-04-20,12,67,67,1,50.48,1.0,3382.16
PO00210,P0066,S05,Metro Distributors,Jeddah,2024-12-26,2025-01-11,2025-01-11,16,98,98,1,59.59,1.0,5839.82
PO00211,P0118,S05,Metro Distributors,Jeddah,2025-05-16,2025-05-30,2025-05-28,12,170,150,1,55.36,0.882,9411.2
PO00212,P0009,S05,Metro Distributors,Dammam-2,2024-10-31,2024-11-14,2024-11-26,26,102,102,0,138.43,1.0,14119.86
PO00213,P0054,S01,Gulf Supply Co,Dammam,2025-07-18,2025-07-28,2025-07-26,8,136,136,1,62.58,1.0,8510.88
PO00214,P0095,S01,Gulf Supply Co,Jeddah,2025-04-06,2025-04-16,2025-04-28,22,46,46,0,83.04,1.0,3819.84
PO00215,P0065,S01,Gulf Supply Co,Dammam-2,2025-05-07,2025-05-22,2025-05-22,15,128,128,1,16.35,1.0,2092.8
PO00216,P0024,S04,Eastern Parts Ltd,Dammam-2,2025-03-17,2025-03-27,2025-03-25,8,194,194,1,62.65,1.0,12154.1
PO00217,P0091,S03,Red Sea Trading,Riyadh,2024-12-02,2024-12-11,2024-12-23,21,156,156,0,120.42,1.0,18785.52
PO00218,P0059,S02,Najd Logistics,Jeddah,2024-10-12,2024-10-28,2024-10-28,16,188,188,1,110.82,1.0,20834.16
PO00219,P0078,S04,Eastern Parts Ltd,Riyadh,2025-01-20,2025-02-02,2025-01-31,11,161,161,1,140.11,1.0,22557.71
PO00220,P0113,S01,Gulf Supply Co,Dammam-2,2024-11-20,2024-12-10,2024-12-10,20,163,144,1,164.2,0.883,26764.6
PO00221,P0034,S04,Eastern Parts Ltd,Dammam-2,2025-02-04,2025-02-12,2025-02-11,7,108,108,1,104.1,1.0,11242.8
PO00222,P0118,S05,Metro Distributors,Jeddah,2024-11-06,2024-11-17,2024-11-15,9,145,145,1,55.36,1.0,8027.2
PO00223,P0046,S03,Red Sea Trading,Dammam,2025-04-27,2025-05-16,2025-05-14,17,50,50,1,52.58,1.0,2629.0
PO00224,P0097,S03,Red Sea Trading,Dammam,2025-08-09,2025-08-23,2025-08-23,14,106,106,1,13.46,1.0,1426.76
PO00225,P0009,S05,Metro Distributors,Dammam-2,2025-06-15,2025-06-27,2025-07-07,22,123,123,0,138.43,1.0,17026.89
PO00226,P0060,S03,Red Sea Trading,Dammam-2,2024-10-15,2024-10-27,2024-10-25,10,132,132,1,12.28,1.0,1620.96
PO00227,P0107,S02,Najd Logistics,Riyadh,2025-02-21,2025-03-02,2025-03-01,8,140,140,1,194.13,1.0,27178.2
PO00228,P0059,S02,Najd Logistics,Jeddah,2025-05-09,2025-05-28,2025-05-28,19,28,28,1,110.82,1.0,3102.96
PO00229,P0091,S03,Red Sea Trading,Riyadh,2024-10-25,2024-11-13,2024-11-21,27,30,30,0,120.42,1.0,3612.6
PO00230,P0049,S05,Metro Distributors,Jeddah,2024-10-27,2024-11-07,2024-11-07,11,83,83,1,198.94,1.0,16512.02
PO00231,P0016,S02,Najd Logistics,Dammam,2025-03-24,2025-04-01,2025-04-05,12,56,56,0,143.71,1.0,8047.76
PO00232,P0113,S01,Gulf Supply Co,Dammam-2,2025-08-02,2025-08-18,2025-08-18,16,90,90,1,164.2,1.0,14778.0
PO00233,P0105,S01,Gulf Supply Co,Jeddah,2025-04-15,2025-04-24,2025-04-22,7,106,106,1,186.88,1.0,19809.28
PO00234,P0067,S03,Red Sea Trading,Riyadh,2025-07-04,2025-07-17,2025-07-21,17,83,83,0,86.82,1.0,7206.06
PO00235,P0001,S05,Metro Distributors,Dammam,2025-03-06,2025-03-23,2025-03-21,15,124,124,1,190.39,1.0,23608.36
PO00236,P0042,S05,Metro Distributors,Jeddah,2025-04-23,2025-05-07,2025-05-05,12,60,60,1,77.6,1.0,4656.0
PO00237,P0049,S05,Metro Distributors,Jeddah,2025-05-06,2025-05-23,2025-05-28,22,102,102,0,198.94,1.0,20291.88
PO00238,P0038,S01,Gulf Supply Co,Jeddah,2025-07-25,2025-08-09,2025-08-07,13,121,121,1,39.12,1.0,4733.52
PO00239,P0040,S04,Eastern Parts Ltd,Dammam-2,2025-01-23,2025-02-09,2025-02-09,17,162,162,1,59.38,1.0,9619.56
PO00240,P0013,S02,Najd Logistics,Riyadh,2025-07-11,2025-07-20,2025-07-19,8,156,156,1,68.44,1.0,10676.64
PO00241,P0020,S02,Najd Logistics,Jeddah,2025-03-02,2025-03-17,2025-03-21,19,34,34,0,101.29,1.0,3443.86
PO00242,P0120,S03,Red Sea Trading,Dammam,2025-02-02,2025-02-16,2025-02-22,20,22,22,0,40.47,1.0,890.34
PO00243,P0104,S01,Gulf Supply Co,Jeddah,2025-07-31,2025-08-10,2025-08-08,8,169,169,1,165.39,1.0,27950.91
PO00244,P0051,S01,Gulf Supply Co,Dammam-2,2025-03-04,2025-03-15,2025-03-15,11,36,36,1,196.16,1.0,7061.76
PO00245,P0007,S01,Gulf Supply Co,Dammam,2025-05-19,2025-06-01,2025-06-13,25,134,134,0,14.06,1.0,1884.04
PO00246,P0095,S01,Gulf Supply Co,Jeddah,2024-10-22,2024-11-07,2024-11-06,15,64,64,1,83.04,1.0,5314.56
PO00247,P0018,S01,Gulf Supply Co,Dammam,2025-05-11,2025-05-19,2025-05-17,6,152,152,1,68.41,1.0,10398.32
PO00248,P0086,S02,Najd Logistics,Riyadh,2025-06-27,2025-07-08,2025-07-08,11,119,119,1,186.53,1.0,22197.07
PO00249,P0048,S01,Gulf Supply Co,Dammam-2,2025-06-02,2025-06-14,2025-06-14,12,94,94,1,145.88,1.0,13712.72
PO00250,P0002,S03,Red Sea Trading,Jeddah,2025-03-14,2025-03-24,2025-03-24,10,140,124,1,35.42,0.886,4958.8
PO00251,P0079,S03,Red Sea Trading,Riyadh,2024-12-10,2024-12-20,2024-12-18,8,57,57,1,193.68,1.0,11039.76
PO00252,P0010,S02,Najd Logistics,Jeddah,2025-06-24,2025-07-12,2025-07-19,25,106,106,0,182.32,1.0,19325.92
PO00253,P0009,S05,Metro Distributors,Dammam-2,2025-03-28,2025-04-04,2025-04-03,6,93,93,1,138.43,1.0,12873.99
PO00254,P0046,S03,Red Sea Trading,Dammam,2025-08-25,2025-09-13,2025-09-23,29,74,74,0,52.58,1.0,3890.92
PO00255,P0057,S04,Eastern Parts Ltd,Dammam,2024-10-13,2024-10-25,2024-10-23,10,92,92,1,42.88,1.0,3944.96
PO00256,P0118,S05,Metro Distributors,Jeddah,2025-07-11,2025-07-27,2025-07-25,14,145,145,1,55.36,1.0,8027.2
PO00257,P0111,S02,Najd Logistics,Dammam-2,2025-05-13,2025-05-28,2025-05-28,15,194,194,1,45.41,1.0,8809.54
PO00258,P0110,S03,Red Sea Trading,Riyadh,2025-08-15,2025-08-27,2025-08-27,12,149,149,1,152.63,1.0,22741.87
PO00259,P0065,S01,Gulf Supply Co,Dammam-2,2025-04-09,2025-04-26,2025-04-24,15,26,26,1,16.35,1.0,425.1
PO00260,P0035,S04,Eastern Parts Ltd,Dammam-2,2025-08-14,2025-09-02,2025-09-01,18,135,135,1,47.95,1.0,6473.25
PO00261,P0045,S03,Red Sea Trading,Jeddah,2025-03-04,2025-03-11,2025-03-09,5,111,90,1,133.23,0.811,14788.53
PO00262,P0008,S02,Najd Logistics,Riyadh,2024-10-09,2024-10-18,2024-10-18,9,160,160,1,190.03,1.0,30404.8
PO00263,P0082,S03,Red Sea Trading,Dammam,2025-05-05,2025-05-12,2025-05-11,6,187,187,1,101.83,1.0,19042.21
PO00264,P0085,S01,Gulf Supply Co,Dammam,2025-01-05,2025-01-15,2025-01-28,23,49,49,0,122.48,1.0,6001.52
PO00265,P0018,S01,Gulf Supply Co,Dammam,2024-11-06,2024-11-14,2024-11-14,8,198,198,1,68.41,1.0,13545.18
PO00266,P0119,S03,Red Sea Trading,Jeddah,2024-11-30,2024-12-17,2024-12-26,26,35,35,0,45.78,1.0,1602.3
PO00267,P0079,S03,Red Sea Trading,Riyadh,2024-12-15,2024-12-30,2024-12-29,14,190,190,1,193.68,1.0,36799.2
PO00268,P0111,S02,Najd Logistics,Dammam-2,2025-08-07,2025-08-18,2025-08-16,9,162,162,1,45.41,1.0,7356.42
PO00269,P0032,S05,Metro Distributors,Dammam-2,2024-12-07,2024-12-23,2024-12-22,15,22,22,1,77.08,1.0,1695.76
PO00270,P0083,S04,Eastern Parts Ltd,Riyadh,2024-12-11,2024-12-21,2024-12-20,9,102,102,1,15.43,1.0,1573.86
PO00271,P0056,S01,Gulf Supply Co,Dammam-2,2024-12-14,2025-01-01,2025-01-08,25,87,87,0,124.25,1.0,10809.75
PO00272,P0112,S03,Red Sea Trading,Jeddah,2024-12-03,2024-12-19,2024-12-19,16,97,97,1,102.14,1.0,9907.58
PO00273,P0039,S03,Red Sea Trading,Dammam,2025-02-05,2025-02-19,2025-02-18,13,103,103,1,23.16,1.0,2385.48
PO00274,P0088,S05,Metro Distributors,Dammam-2,2025-06-20,2025-07-10,2025-07-10,20,140,140,1,168.21,1.0,23549.4
PO00275,P0098,S01,Gulf Supply Co,Riyadh,2024-10-11,2024-10-28,2024-11-04,24,198,198,0,19.71,1.0,3902.58
PO00276,P0045,S03,Red Sea Trading,Jeddah,2025-06-30,2025-07-11,2025-07-11,11,131,131,1,133.23,1.0,17453.13
PO00277,P0019,S02,Najd Logistics,Dammam,2024-12-21,2024-12-29,2024-12-29,8,107,107,1,194.48,1.0,20809.36
PO00278,P0028,S04,Eastern Parts Ltd,Dammam-2,2025-02-22,2025-03-04,2025-03-04,10,97,91,1,83.75,0.938,8123.75
PO00279,P0048,S01,Gulf Supply Co,Dammam-2,2025-03-20,2025-04-08,2025-04-08,19,166,166,1,145.88,1.0,24216.08
PO00280,P0083,S04,Eastern Parts Ltd,Riyadh,2024-10-25,2024-11-12,2024-11-11,17,21,21,1,15.43,1.0,324.03
PO00281,P0113,S01,Gulf Supply Co,Dammam-2,2025-01-25,2025-02-01,2025-02-14,20,27,27,0,164.2,1.0,4433.4
PO00282,P0068,S01,Gulf Supply Co,Jeddah,2024-12-30,2025-01-15,2025-01-28,29,165,165,0,7.81,1.0,1288.65
PO00283,P0042,S05,Metro Distributors,Jeddah,2024-10-22,2024-10-29,2024-10-28,6,194,194,1,77.6,1.0,15054.4
PO00284,P0020,S02,Najd Logistics,Jeddah,2025-04-09,2025-04-23,2025-05-05,26,136,136,0,101.29,1.0,13775.44
PO00285,P0012,S04,Eastern Parts Ltd,Riyadh,2025-03-09,2025-03-20,2025-03-18,9,179,179,1,188.2,1.0,33687.8
PO00286,P0069,S02,Najd Logistics,Jeddah,2025-05-09,2025-05-17,2025-05-17,8,94,94,1,196.0,1.0,18424.0
PO00287,P0075,S04,Eastern Parts Ltd,Riyadh,2025-06-09,2025-06-25,2025-06-25,16,137,137,1,80.29,1.0,10999.73
PO00288,P0004,S05,Metro Distributors,Dammam-2,2025-07-04,2025-07-21,2025-07-19,15,86,86,1,40.76,1.0,3505.36
PO00289,P0052,S02,Najd Logistics,Dammam,2025-02-10,2025-02-23,2025-02-23,13,96,75,1,38.05,0.781,3652.8
PO00290,P0082,S03,Red Sea Trading,Dammam,2024-12-18,2024-12-30,2024-12-28,10,91,74,1,101.83,0.813,9266.53
PO00291,P0063,S01,Gulf Supply Co,Dammam-2,2024-10-13,2024-10-23,2024-11-01,19,29,25,0,194.06,0.862,5627.74
PO00292,P0119,S03,Red Sea Trading,Jeddah,2024-10-25,2024-11-04,2024-11-14,20,49,49,0,45.78,1.0,2243.22
PO00293,P0091,S03,Red Sea Trading,Riyadh,2025-06-04,2025-06-24,2025-07-02,28,167,167,0,120.42,1.0,20110.14
PO00294,P0100,S04,Eastern Parts Ltd,Riyadh,2024-10-12,2024-10-25,2024-10-25,13,53,53,1,190.33,1.0,10087.49
PO00295,P0038,S01,Gulf Supply Co,Jeddah,2024-12-07,2024-12-15,2024-12-14,7,151,151,1,39.12,1.0,5907.12
PO00296,P0008,S02,Najd Logistics,Riyadh,2025-04-24,2025-05-11,2025-05-10,16,75,55,1,190.03,0.733,14252.25
PO00297,P0028,S04,Eastern Parts Ltd,Dammam-2,2025-03-17,2025-03-25,2025-03-25,8,33,33,1,83.75,1.0,2763.75
PO00298,P0088,S05,Metro Distributors,Dammam-2,2024-10-22,2024-11-11,2024-11-22,31,186,186,0,168.21,1.0,31287.06
PO00299,P0095,S01,Gulf Supply Co,Jeddah,2025-07-22,2025-08-04,2025-08-04,13,115,115,1,83.04,1.0,9549.6
PO00300,P0048,S01,Gulf Supply Co,Dammam-2,2025-02-25,2025-03-17,2025-03-17,20,49,49,1,145.88,1.0,7148.12
PO00301,P0067,S03,Red Sea Trading,Riyadh,2025-03-17,2025-03-29,2025-04-10,24,164,164,0,86.82,1.0,14238.48
PO00302,P0021,S05,Metro Distributors,Dammam-2,2025-03-02,2025-03-18,2025-03-18,16,60,60,1,26.04,1.0,1562.4
PO00303,P0109,S05,Metro Distributors,Riyadh,2025-06-05,2025-06-16,2025-06-29,24,110,110,0,199.94,1.0,21993.4
PO00304,P0052,S02,Najd Logistics,Dammam,2024-10-06,2024-10-25,2024-10-28,22,106,106,0,38.05,1.0,4033.3
PO00305,P0021,S05,Metro Distributors,Dammam-2,2025-01-17,2025-02-05,2025-02-03,17,90,90,1,26.04,1.0,2343.6
PO00306,P0079,S03,Red Sea Trading,Riyadh,2025-07-17,2025-07-30,2025-08-09,23,164,164,0,193.68,1.0,31763.52
PO00307,P0070,S02,Najd Logistics,Jeddah,2025-01-28,2025-02-08,2025-02-10,13,195,195,0,97.33,1.0,18979.35
PO00308,P0054,S01,Gulf Supply Co,Dammam,2024-11-26,2024-12-12,2024-12-12,16,93,93,1,62.58,1.0,5819.94
PO00309,P0059,S02,Najd Logistics,Jeddah,2025-02-19,2025-02-27,2025-02-27,8,133,133,1,110.82,1.0,14739.06
PO00310,P0113,S01,Gulf Supply Co,Dammam-2,2025-03-05,2025-03-16,2025-03-15,10,199,199,1,164.2,1.0,32675.8
PO00311,P0036,S02,Najd Logistics,Dammam-2,2025-01-19,2025-02-08,2025-02-09,21,45,45,0,188.4,1.0,8478.0
PO00312,P0068,S01,Gulf Supply Co,Jeddah,2025-05-25,2025-06-03,2025-06-02,8,153,153,1,7.81,1.0,1194.93
PO00313,P0040,S04,Eastern Parts Ltd,Dammam-2,2025-03-18,2025-04-06,2025-04-05,18,160,160,1,59.38,1.0,9500.8
PO00314,P0063,S01,Gulf Supply Co,Dammam-2,2024-10-31,2024-11-07,2024-11-08,8,59,59,0,194.06,1.0,11449.54
PO00315,P0074,S03,Red Sea Trading,Riyadh,2025-06-03,2025-06-16,2025-06-18,15,177,177,0,130.44,1.0,23087.88
PO00316,P0108,S04,Eastern Parts Ltd,Riyadh,2025-02-05,2025-02-20,2025-02-18,13,106,106,1,31.1,1.0,3296.6
PO00317,P0032,S05,Metro Distributors,Dammam-2,2024-10-11,2024-10-20,2024-10-18,7,96,96,1,77.08,1.0,7399.68
PO00318,P0003,S02,Najd Logistics,Dammam-2,2025-04-20,2025-05-07,2025-05-08,18,159,159,0,194.13,1.0,30866.67
PO00319,P0096,S05,Metro Distributors,Riyadh,2025-01-06,2025-01-20,2025-01-20,14,190,190,1,192.83,1.0,36637.7
PO00320,P0049,S05,Metro Distributors,Jeddah,2024-12-04,2024-12-16,2024-12-21,17,52,52,0,198.94,1.0,10344.88
PO00321,P0081,S01,Gulf Supply Co,Riyadh,2024-10-05,2024-10-22,2024-10-22,17,48,48,1,137.57,1.0,6603.36
PO00322,P0097,S03,Red Sea Trading,Dammam,2025-01-08,2025-01-15,2025-01-25,17,168,148,0,13.46,0.881,2261.28
PO00323,P0032,S05,Metro Distributors,Dammam-2,2025-03-18,2025-04-04,2025-04-04,17,136,136,1,77.08,1.0,10482.88
PO00324,P0016,S02,Najd Logistics,Dammam,2025-07-12,2025-07-30,2025-07-29,17,122,122,1,143.71,1.0,17532.62
PO00325,P0022,S03,Red Sea Trading,Riyadh,2025-05-14,2025-05-21,2025-05-21,7,82,82,1,181.98,1.0,14922.36
PO00326,P0094,S05,Metro Distributors,Dammam-2,2025-04-29,2025-05-06,2025-05-05,6,82,82,1,165.44,1.0,13566.08
PO00327,P0021,S05,Metro Distributors,Dammam-2,2025-02-09,2025-02-26,2025-03-06,25,107,107,0,26.04,1.0,2786.28
PO00328,P0116,S02,Najd Logistics,Dammam,2024-12-18,2024-12-31,2024-12-29,11,127,127,1,105.23,1.0,13364.21
PO00329,P0022,S03,Red Sea Trading,Riyadh,2025-03-22,2025-04-04,2025-04-03,12,172,162,1,181.98,0.942,31300.56
PO00330,P0038,S01,Gulf Supply Co,Jeddah,2024-10-30,2024-11-15,2024-11-14,15,154,154,1,39.12,1.0,6024.48
PO00331,P0024,S04,Eastern Parts Ltd,Dammam-2,2025-06-29,2025-07-15,2025-07-13,14,35,35,1,62.65,1.0,2192.75
PO00332,P0100,S04,Eastern Parts Ltd,Riyadh,2025-06-26,2025-07-11,2025-07-11,15,106,106,1,190.33,1.0,20174.98
PO00333,P0013,S02,Najd Logistics,Riyadh,2024-12-01,2024-12-12,2024-12-12,11,198,198,1,68.44,1.0,13551.12
PO00334,P0012,S04,Eastern Parts Ltd,Riyadh,2025-02-01,2025-02-21,2025-02-19,18,152,152,1,188.2,1.0,28606.4
PO00335,P0029,S01,Gulf Supply Co,Dammam,2025-01-14,2025-01-27,2025-01-25,11,127,127,1,140.78,1.0,17879.06
PO00336,P0084,S05,Metro Distributors,Riyadh,2024-11-28,2024-12-14,2024-12-12,14,181,181,1,190.26,1.0,34437.06
PO00337,P0012,S04,Eastern Parts Ltd,Riyadh,2025-03-10,2025-03-18,2025-03-20,10,154,154,0,188.2,1.0,28982.8
PO00338,P0101,S04,Eastern Parts Ltd,Jeddah,2025-08-20,2025-08-29,2025-09-05,16,134,134,0,41.68,1.0,5585.12
PO00339,P0085,S01,Gulf Supply Co,Dammam,2025-02-05,2025-02-13,2025-02-12,7,199,199,1,122.48,1.0,24373.52
PO00340,P0089,S05,Metro Distributors,Riyadh,2025-03-01,2025-03-13,2025-03-12,11,69,69,1,82.35,1.0,5682.15
PO00341,P0109,S05,Metro Distributors,Riyadh,2025-05-13,2025-05-26,2025-05-24,11,25,25,1,199.94,1.0,4998.5
PO00342,P0079,S03,Red Sea Trading,Riyadh,2024-11-02,2024-11-14,2024-11-12,10,196,196,1,193.68,1.0,37961.28
PO00343,P0036,S02,Najd Logistics,Dammam-2,2025-01-07,2025-01-20,2025-01-20,13,36,36,1,188.4,1.0,6782.4
PO00344,P0030,S03,Red Sea Trading,Jeddah,2025-06-14,2025-06-28,2025-06-26,12,181,181,1,195.44,1.0,35374.64
PO00345,P0037,S02,Najd Logistics,Dammam,2025-08-05,2025-08-25,2025-08-23,18,195,195,1,136.76,1.0,26668.2
PO00346,P0116,S02,Najd Logistics,Dammam,2024-12-03,2024-12-12,2024-12-12,9,195,195,1,105.23,1.0,20519.85
PO00347,P0064,S01,Gulf Supply Co,Dammam-2,2025-06-03,2025-06-16,2025-06-20,17,41,41,0,90.6,1.0,3714.6
PO00348,P0016,S02,Najd Logistics,Dammam,2025-04-05,2025-04-16,2025-04-16,11,129,129,1,143.71,1.0,18538.59
PO00349,P0112,S03,Red Sea Trading,Jeddah,2025-02-09,2025-02-21,2025-02-21,12,25,25,1,102.14,1.0,2553.5
PO00350,P0006,S04,Eastern Parts Ltd,Dammam-2,2025-04-29,2025-05-13,2025-05-18,19,39,39,0,22.67,1.0,884.13
PO00351,P0112,S03,Red Sea Trading,Jeddah,2024-12-03,2024-12-20,2024-12-19,16,160,160,1,102.14,1.0,16342.4
PO00352,P0049,S05,Metro Distributors,Jeddah,2024-11-04,2024-11-11,2024-11-09,5,29,29,1,198.94,1.0,5769.26
PO00353,P0024,S04,Eastern Parts Ltd,Dammam-2,2025-01-20,2025-02-09,2025-02-09,20,42,42,1,62.65,1.0,2631.3
PO00354,P0070,S02,Najd Logistics,Jeddah,2024-10-26,2024-11-04,2024-11-02,7,129,129,1,97.33,1.0,12555.57
PO00355,P0054,S01,Gulf Supply Co,Dammam,2025-04-21,2025-05-09,2025-05-09,18,165,165,1,62.58,1.0,10325.7
PO00356,P0120,S03,Red Sea Trading,Dammam,2024-10-10,2024-10-20,2024-10-23,13,23,23,0,40.47,1.0,930.81
PO00357,P0098,S01,Gulf Supply Co,Riyadh,2024-11-28,2024-12-18,2024-12-17,19,194,194,1,19.71,1.0,3823.74
PO00358,P0003,S02,Najd Logistics,Dammam-2,2024-12-07,2024-12-23,2024-12-21,14,65,65,1,194.13,1.0,12618.45
PO00359,P0108,S04,Eastern Parts Ltd,Riyadh,2024-12-07,2024-12-24,2024-12-24,17,138,138,1,31.1,1.0,4291.8
PO00360,P0077,S03,Red Sea Trading,Riyadh,2025-01-21,2025-01-31,2025-01-30,9,109,109,1,169.75,1.0,18502.75
PO00361,P0018,S01,Gulf Supply Co,Dammam,2025-05-20,2025-05-29,2025-05-29,9,28,28,1,68.41,1.0,1915.48
PO00362,P0119,S03,Red Sea Trading,Jeddah,2025-06-19,2025-07-07,2025-07-07,18,28,28,1,45.78,1.0,1281.84
PO00363,P0104,S01,Gulf Supply Co,Jeddah,2025-07-05,2025-07-13,2025-07-12,7,35,35,1,165.39,1.0,5788.65
PO00364,P0119,S03,Red Sea Trading,Jeddah,2025-03-20,2025-04-06,2025-04-07,18,58,58,0,45.78,1.0,2655.24
PO00365,P0080,S05,Metro Distributors,Dammam-2,2024-10-06,2024-10-26,2024-10-26,20,101,101,1,85.46,1.0,8631.46
PO00366,P0117,S01,Gulf Supply Co,Jeddah,2024-12-23,2025-01-09,2025-01-08,16,107,107,1,190.16,1.0,20347.12
PO00367,P0009,S05,Metro Distributors,Dammam-2,2025-06-23,2025-07-05,2025-07-14,21,22,22,0,138.43,1.0,3045.46
PO00368,P0017,S02,Najd Logistics,Riyadh,2025-03-22,2025-04-02,2025-04-01,10,58,58,1,27.59,1.0,1600.22
PO00369,P0023,S02,Najd Logistics,Jeddah,2025-06-12,2025-06-25,2025-06-25,13,124,124,1,188.86,1.0,23418.64
PO00370,P0052,S02,Najd Logistics,Dammam,2024-10-16,2024-10-29,2024-10-29,13,28,28,1,38.05,1.0,1065.4
PO00371,P0016,S02,Najd Logistics,Dammam,2024-12-16,2025-01-01,2024-12-30,14,105,92,1,143.71,0.876,15089.55
PO00372,P0045,S03,Red Sea Trading,Jeddah,2024-12-23,2025-01-07,2025-01-05,13,169,169,1,133.23,1.0,22515.87
PO00373,P0093,S04,Eastern Parts Ltd,Dammam-2,2025-05-29,2025-06-18,2025-06-17,19,55,55,1,84.01,1.0,4620.55
PO00374,P0078,S04,Eastern Parts Ltd,Riyadh,2025-08-17,2025-08-27,2025-08-25,8,171,171,1,140.11,1.0,23958.81
PO00375,P0007,S01,Gulf Supply Co,Dammam,2025-07-09,2025-07-18,2025-07-17,8,111,111,1,14.06,1.0,1560.66
PO00376,P0110,S03,Red Sea Trading,Riyadh,2024-10-23,2024-11-03,2024-11-02,10,198,198,1,152.63,1.0,30220.74
PO00377,P0093,S04,Eastern Parts Ltd,Dammam-2,2025-07-02,2025-07-20,2025-07-18,16,57,57,1,84.01,1.0,4788.57
PO00378,P0084,S05,Metro Distributors,Riyadh,2024-11-26,2024-12-12,2024-12-10,14,68,68,1,190.26,1.0,12937.68
PO00379,P0083,S04,Eastern Parts Ltd,Riyadh,2025-02-12,2025-03-02,2025-03-13,29,172,172,0,15.43,1.0,2653.96
PO00380,P0068,S01,Gulf Supply Co,Jeddah,2025-03-23,2025-04-02,2025-04-02,10,161,120,1,7.81,0.745,1257.41
PO00381,P0109,S05,Metro Distributors,Riyadh,2025-01-27,2025-02-16,2025-02-22,26,46,46,0,199.94,1.0,9197.24
PO00382,P0062,S04,Eastern Parts Ltd,Dammam-2,2025-07-05,2025-07-21,2025-07-19,14,198,140,1,42.9,0.707,8494.2
PO00383,P0108,S04,Eastern Parts Ltd,Riyadh,2025-07-16,2025-08-04,2025-08-02,17,69,69,1,31.1,1.0,2145.9
PO00384,P0018,S01,Gulf Supply Co,Dammam,2025-04-12,2025-04-27,2025-04-26,14,117,117,1,68.41,1.0,8003.97
PO00385,P0016,S02,Najd Logistics,Dammam,2025-07-02,2025-07-17,2025-07-17,15,45,45,1,143.71,1.0,6466.95
PO00386,P0078,S04,Eastern Parts Ltd,Riyadh,2025-04-05,2025-04-16,2025-04-15,10,125,125,1,140.11,1.0,17513.75
PO00387,P0021,S05,Metro Distributors,Dammam-2,2024-10-27,2024-11-04,2024-11-04,8,198,198,1,26.04,1.0,5155.92
PO00388,P0095,S01,Gulf Supply Co,Jeddah,2025-02-26,2025-03-17,2025-03-21,23,103,103,0,83.04,1.0,8553.12
PO00389,P0109,S05,Metro Distributors,Riyadh,2025-08-08,2025-08-22,2025-08-21,13,170,170,1,199.94,1.0,33989.8
PO00390,P0101,S04,Eastern Parts Ltd,Jeddah,2024-10-27,2024-11-11,2024-11-24,28,197,197,0,41.68,1.0,8210.96
PO00391,P0092,S03,Red Sea Trading,Riyadh,2025-08-08,2025-08-26,2025-08-24,16,160,160,1,113.89,1.0,18222.4
PO00392,P0103,S05,Metro Distributors,Jeddah,2025-05-28,2025-06-15,2025-06-13,16,115,115,1,59.55,1.0,6848.25
PO00393,P0064,S01,Gulf Supply Co,Dammam-2,2025-06-27,2025-07-10,2025-07-10,13,48,48,1,90.6,1.0,4348.8
PO00394,P0117,S01,Gulf Supply Co,Jeddah,2025-06-03,2025-06-11,2025-06-10,7,35,35,1,190.16,1.0,6655.6
PO00395,P0031,S04,Eastern Parts Ltd,Dammam,2025-04-04,2025-04-24,2025-04-23,19,150,150,1,108.53,1.0,16279.5
PO00396,P0076,S01,Gulf Supply Co,Jeddah,2025-07-28,2025-08-07,2025-08-09,12,173,173,0,46.84,1.0,8103.32
PO00397,P0012,S04,Eastern Parts Ltd,Riyadh,2025-04-01,2025-04-11,2025-04-09,8,81,81,1,188.2,1.0,15244.2
PO00398,P0047,S01,Gulf Supply Co,Riyadh,2024-10-23,2024-11-08,2024-11-13,21,135,135,0,73.27,1.0,9891.45
PO00399,P0117,S01,Gulf Supply Co,Jeddah,2024-11-28,2024-12-15,2024-12-20,22,73,73,0,190.16,1.0,13881.68
PO00400,P0067,S03,Red Sea Trading,Riyadh,2024-11-25,2024-12-07,2024-12-06,11,158,158,1,86.82,1.0,13717.56
